Gender,Married,Dependents,Education,Self_Employed,Loan_Amount,Credit_History,Loan_Status,TotalIncome,Debt_to_Income_Ratio,Family_Size,Balance_Income,Property_Area_Semiurban,Property_Area_Urban,Income_Band_Medium,Income_Band_High,Income_Band_Very High,Credit_Risk_Category_Low Risk,Credit_Risk_Category_Medium Risk
1,0,-0.7378063230712658,0,0,-0.16804075784261274,1,1,-0.12031623865000003,-0.2435755713691154,-1.1169489194490545,-0.09113683008608953,False,True,True,False,False,True,False
1,1,0.2534695683198878,0,0,-0.16804075784261274,1,0,-0.036096894491664394,-0.34862105493262335,0.4816679489465618,-0.004304661424230919,False,False,False,True,False,True,False
1,1,-0.7378063230712658,0,1,-1.2804615159597479,1,1,-1.1118076085140425,-0.22957098319177616,-0.3176404852512464,-1.0515931088890462,False,True,False,False,False,True,False
1,1,-0.7378063230712658,1,0,-0.3115789201803076,1,1,-0.43631278615317676,0.046683278435869974,-0.3176404852512464,-0.4089632986684304,False,True,True,False,False,False,True
1,0,-0.7378063230712658,0,0,0.06520875595614142,1,1,-0.06776615200574929,-0.048347894144750235,-1.1169489194490545,-0.0499134772870255,False,True,True,False,False,True,False
1,1,1.2447454597110414,0,1,2.22725232616767,1,1,1.1896077754490717,0.39900085186477613,1.28097638314437,1.1263673860205103,False,True,False,True,False,False,True
1,1,-0.7378063230712658,1,0,-0.7601356774856041,1,1,-0.8163438763221954,0.09442394625195807,-0.3176404852512464,-0.775867085718516,False,True,True,False,False,False,True
1,1,2.236021351102195,0,0,0.37022735092374304,0,0,-0.22785250867035423,0.558127930933203,2.080284817342178,-0.2319101944318303,True,False,True,False,False,False,False
1,1,1.2447454597110414,0,0,0.5496500538458616,1,1,-0.230636619221043,0.781504472402477,1.28097638314437,-0.24474764085474993,False,True,True,False,False,False,True
1,1,0.2534695683198878,0,0,2.22725232616767,1,0,2.2135949356469347,-0.3711988639661529,0.4816679489465618,2.1821227672867773,True,False,False,False,True,True,False
1,1,1.2447454597110414,0,0,-1.2086924347909005,1,1,-0.7985951715615545,-0.7190282151478461,1.28097638314437,-0.732650340617756,False,True,True,False,False,True,False
1,1,1.2447454597110414,0,0,-0.5089438933946381,1,1,-0.6454690912736715,0.14679401894582608,1.28097638314437,-0.6136448202065308,False,True,True,False,False,False,True
1,1,1.2447454597110414,0,0,1.123802703196641,1,1,1.7345974157464008,-0.7260391386405212,1.28097638314437,1.7495616212995944,False,True,False,False,True,True,False
1,0,-0.7378063230712658,0,0,-0.4192325419335788,1,0,-0.522620213224529,0.047277244610158614,-1.1169489194490545,-0.4919681541110336,False,False,True,False,False,False,True
1,1,1.2447454597110414,0,0,-2.159632760278129,1,1,-1.3258361070982425,-2.026351687174448,1.28097638314437,-1.2573111944240285,False,True,False,False,False,True,False
1,0,-0.7378063230712658,0,0,-0.22186756871924831,1,1,-0.4331806617836519,0.16338413245228006,-1.1169489194490545,-0.4107174838939224,False,True,True,False,False,False,True
1,0,0.2534695683198878,1,0,-0.6704243260245448,1,1,-0.9043913724877282,0.47220652589503836,-0.3176404852512464,-0.9214644594343598,False,True,True,False,False,False,True
0,0,-0.7378063230712658,0,0,-1.1010388130376294,0,0,-0.9343205609076326,-0.2715637977477819,-1.1169489194490545,-0.8785666571018714,False,True,True,False,False,False,False
1,1,-0.7378063230712658,1,0,-0.07832940638155345,1,0,-0.455105532370326,0.400488582656734,-0.3176404852512464,-0.44129612180193256,False,False,True,False,False,False,True
1,1,-0.7378063230712658,0,0,-0.4012902716413669,1,1,-0.03296477012213951,-0.609842383159306,-0.3176404852512464,0.011881684065536972,False,True,False,True,False,True,False
1,1,-0.7378063230712658,1,0,-0.5986552448556973,0,0,0.509936787262173,-1.2471961968831697,-0.3176404852512464,0.5825899000409775,False,True,False,True,False,False,False
1,1,0.2534695683198878,0,0,2.22725232616767,1,1,1.874150957099676,-0.15925183407393195,0.4816679489465618,1.8321478643588416,False,True,False,False,True,True,False
1,1,-0.7378063230712658,1,0,-0.38334800134915503,0,0,-0.5859587282526988,0.21924842510646655,-0.3176404852512464,-0.5592650782162758,True,False,True,False,False,False,False
1,1,1.2447454597110414,1,0,-0.4551170825180025,0,0,-0.31764007393006743,-0.3257292397049272,1.28097638314437,-0.27863530998357433,False,False,True,False,False,False,False
1,1,0.2534695683198878,0,0,0.24463145887826002,1,0,0.15565871968702544,-0.14087844257215376,0.4816679489465618,0.17047597558843622,True,False,False,True,False,True,False
1,1,-0.7378063230712658,0,1,0.9623222705667344,1,1,1.1711630430507585,-0.47372928726350144,-0.3176404852512464,1.177617502097103,True,False,False,True,False,True,False
1,1,-0.7378063230712658,0,0,-0.2756943795958839,1,1,-0.3976832522623699,0.030043407768175774,-0.3176404852512464,-0.3711287127822487,True,False,True,False,False,False,True
1,1,1.2447454597110414,1,0,-0.4910016231024262,1,1,-0.323208295031445,-0.36383070177681187,1.28097638314437,-0.2823828875107623,False,True,True,False,False,True,False
1,0,-0.7378063230712658,1,0,-1.8366718950183156,1,0,-1.6540131382606826,0.044902821578476894,-1.1169489194490545,-1.579722465300269,False,True,False,False,False,False,True
0,0,1.2447454597110414,0,0,-0.3115789201803076,1,1,-0.1258844597513776,-0.40202237348899766,0.4816679489465618,-0.08890423070819067,True,False,True,False,False,True,False
1,1,0.2534695683198878,0,0,1.141744973488853,1,0,0.4664350599076607,0.3353031090114289,0.4816679489465618,0.44105904662059164,False,True,False,True,False,False,True
1,0,-0.7378063230712658,0,0,-1.136923353622053,1,0,-1.053689300768414,-0.06454181084835225,-1.1169489194490545,-0.9996453055068598,False,True,True,False,False,True,False
1,0,0.2534695683198878,0,1,-0.5627707042712736,1,0,-0.5229682270433651,-0.15809111743523402,-0.3176404852512464,-0.4843533955185568,False,False,True,False,False,True,False
1,1,-0.7378063230712658,0,0,-0.4192325419335788,1,1,-0.35766166309621866,-0.22194841341829943,-0.3176404852512464,-0.3218919229303681,True,False,True,False,False,True,False
1,0,2.236021351102195,0,0,2.22725232616767,1,0,2.2135949356469347,-0.3711988639661529,1.28097638314437,2.1821227672867773,False,False,False,False,True,True,False
1,1,-0.7378063230712658,0,0,-0.16804075784261274,1,1,-0.6447730636359993,0.6740680525661258,-0.3176404852512464,-0.6318644258440285,False,True,True,False,False,False,True
1,1,-0.7378063230712658,0,0,-0.6704243260245448,0,0,-1.0568214251379389,0.9381836231142022,-0.3176404852512464,-1.028788700957649,False,True,True,False,False,False,False
0,1,-0.7378063230712658,0,0,0.119035566832777,1,1,-0.37193022966849865,0.5064460053321574,-0.3176404852512464,-0.36650404264231473,True,False,True,False,False,False,True
1,0,-0.7378063230712658,0,0,0.8367263785212513,1,1,1.803156138057112,-0.933392863016231,-1.1169489194490545,1.8361944507312833,False,True,False,False,True,True,False
1,0,-0.7378063230712658,1,0,-0.4910016231024262,1,1,-0.2710062222060303,-0.4337257974407156,-1.1169489194490545,-0.22856129536498204,True,False,True,False,False,True,False
1,0,-0.7378063230712658,0,0,-1.029269731868782,1,0,-0.9029993172123838,-0.2027231181477724,-1.1169489194490545,-0.8502604864177944,False,True,True,False,False,True,False
1,0,-0.7378063230712658,0,0,-1.6213646515117732,1,1,-1.107283428869173,-1.0029017709693935,-1.1169489194490545,-1.0279913440369708,False,True,True,False,False,True,False
1,1,-0.7378063230712658,0,0,-1.1189810833298413,1,1,-1.320615899815701,0.8879713992648837,-0.3176404852512464,-1.2758497428297972,False,True,False,False,False,False,True
1,1,-0.7378063230712658,0,0,-0.06038713608934159,1,1,0.02863367581184978,-0.30836948848183227,-0.3176404852512464,0.05645393593145001,True,False,False,True,False,True,False
1,1,-0.7378063230712658,1,1,-0.7421934071933922,1,1,-0.5219241855868568,-0.4171629347931705,-0.3176404852512464,-0.47331000216716324,False,True,True,False,False,True,False
0,0,-0.7378063230712658,0,0,-0.8857315695310871,1,1,-0.9691219427912423,0.23030696320712812,-1.1169489194490545,-0.926408072342565,False,True,True,False,False,False,True
1,1,0.2534695683198878,0,0,-1.6751914623884088,1,1,-0.18991900241721957,-1.9464798334327802,0.4816679489465618,-0.07917647627591617,False,True,True,False,False,True,False
1,1,-0.7378063230712658,0,0,0.119035566832777,1,1,-0.13006062557741077,0.10122367903481713,-0.3176404852512464,-0.11713066570019981,False,True,True,False,False,False,True
0,1,-0.7378063230712658,0,0,-0.3115789201803076,0,0,-0.03818497740468098,-0.5049546309685223,-0.3176404852512464,0.00151604409672011,False,True,False,True,False,False,False
0,0,-0.7378063230712658,0,0,0.119035566832777,1,1,0.027937648174177585,-0.1150129614303099,-1.1169489194490545,0.04576935319436161,True,False,False,True,False,True,False
0,1,-0.7378063230712658,1,0,-0.6704243260245448,1,1,-0.9127437041397944,0.49478020662366007,-0.3176404852512464,-0.8802411066352956,True,False,True,False,False,False,True
0,0,-0.7378063230712658,0,0,-0.3115789201803076,1,1,-1.081878420094138,1.8104317655795412,-1.1169489194490545,-1.0745569882045791,True,False,True,False,False,False,True
0,0,-0.7378063230712658,0,0,-0.4551170825180025,1,0,-0.6837506113456422,0.31138493588634325,-1.1169489194490545,-0.6561040762326464,True,False,True,False,False,False,True
1,1,1.2447454597110414,0,0,-0.06038713608934159,1,0,-0.5494172772749085,0.6196963179922068,1.28097638314437,-0.5395304944294899,False,True,True,False,False,False,True
0,1,0.2534695683198878,0,1,2.22725232616767,0,0,1.846309851592788,-0.14027264945845896,0.4816679489465618,1.8034430152144256,False,True,False,False,True,False,False
1,1,1.2447454597110414,0,0,-0.7242511369011804,1,1,-0.8072955170324569,0.13677246563446968,1.28097638314437,-0.7685314020482761,True,False,True,False,False,False,True
1,1,-0.7378063230712658,0,0,-0.7421934071933922,1,1,-0.8601936174955438,0.22779462107517404,-0.3176404852512464,-0.8220739192718192,True,False,True,False,False,False,True
1,1,-0.7378063230712658,0,0,-0.04244486579712973,1,0,-0.21880414938061568,0.04279544648388351,-0.3176404852512464,-0.19965710699039624,False,False,True,False,False,False,True
1,1,0.2534695683198878,0,0,0.7649572973524039,1,1,1.4391336835545538,-0.7823043286814467,0.4816679489465618,1.464865332771434,False,True,False,False,True,True,False
1,1,1.2447454597110414,1,0,0.119035566832777,1,1,0.00740483286284782,-0.08869743649370197,1.28097638314437,0.024599526950354878,False,True,False,True,False,True,False
1,1,-0.7378063230712658,0,0,-0.3115789201803076,1,1,0.035245938369735635,-0.5848020107689198,-0.3176404852512464,0.07722508371511755,False,True,False,True,False,True,False
1,1,2.236021351102195,0,0,-0.6883665963167567,1,1,-1.1017152077677956,1.0612272137356706,2.080284817342178,-1.0740785740521723,False,True,True,False,False,False,True
1,1,-0.7378063230712658,1,1,0.49582324296922603,0,0,-0.04758135051325561,0.403104407688366,-0.3176404852512464,-0.21747803416755446,False,False,False,True,False,False,False
1,1,0.2534695683198878,0,0,-0.16804075784261274,0,0,-0.43492073087783234,0.23976444526705323,0.4816679489465618,-0.4155016254179919,False,False,True,False,False,False,False
0,0,-0.7378063230712658,0,0,-0.38334800134915503,0,0,-0.7060234957511524,0.47652915636927146,-1.1169489194490545,-0.6830547401515704,True,False,True,False,False,False,False
1,1,-0.7378063230712658,0,0,2.164454380144929,1,0,1.4360015591850288,0.13258255031188254,-0.3176404852512464,1.3838937374765603,True,False,False,False,True,False,True
1,0,-0.7378063230712658,1,0,-0.20392529842703647,0,0,-0.2577816970902586,-0.09639493975567771,-1.1169489194490545,-0.35645734544176916,False,True,True,False,False,False,False
1,1,0.2534695683198878,0,0,2.22725232616767,1,1,1.5852994874657147,0.051395046338496654,0.4816679489465618,1.5343350544855243,False,True,False,False,True,False,True
1,1,2.236021351102195,1,1,-0.22186756871924831,1,1,0.31504904871395817,-0.7604780609633448,2.080284817342178,-0.262209757417603,False,True,False,True,False,True,False
0,0,-0.7378063230712658,0,0,-0.02450259550491787,0,0,-0.6593896440271154,0.9336283790635533,-1.1169489194490545,-0.6549080408516291,True,False,True,False,False,False,False
1,1,-0.7378063230712658,0,0,0.621419135014709,1,1,0.027589634355341487,0.4246114396225435,-0.3176404852512464,0.01750305035631865,False,True,False,True,False,False,True
1,1,1.2447454597110414,1,1,-0.7242511369011804,1,1,-0.8507972443869691,0.23758186857389071,1.28097638314437,-0.8133827288364264,True,False,True,False,False,False,True
1,0,-0.7378063230712658,0,0,-1.0113274615765702,1,1,-0.9378006990959935,-0.09149624867975648,-1.1169489194490545,-0.9032847216428963,True,False,True,False,False,True,False
1,1,2.236021351102195,1,0,-0.7601356774856041,0,0,-0.501043356456691,-0.4737425760052243,2.080284817342178,-0.4507846691580034,True,False,True,False,False,False,False
1,1,2.236021351102195,0,1,0.8905531893978869,1,1,0.2941682195837923,0.32164924599292766,2.080284817342178,0.27740153865138595,True,False,False,True,False,False,True
1,0,-0.7378063230712658,0,0,-0.43717481222579063,1,0,-0.8507972443869691,0.7530608774187644,-1.1169489194490545,-0.8011732009885411,False,True,True,False,False,False,True
1,0,-0.7378063230712658,0,0,0.6931882161835564,1,0,0.802268395084495,-0.38592031491862194,-1.1169489194490545,0.8122286931963062,False,True,False,True,False,True,False
1,1,0.2534695683198878,0,1,-0.4910016231024262,1,0,-0.7561374856635505,0.4167403020619632,0.4816679489465618,-0.7287432917064328,False,True,True,False,False,False,True
1,1,2.236021351102195,0,0,0.7649572973524039,0,0,0.3383659745759767,0.1467823665188328,2.080284817342178,0.2940662982935612,True,False,False,True,False,False,False
1,1,2.236021351102195,1,1,-0.13215621725818902,1,1,-0.24212107524263424,-0.03135376680306691,2.080284817342178,-0.21871393739460582,True,False,True,False,False,True,False
0,0,-0.7378063230712658,0,0,-0.47305935281021433,1,1,-0.8173879177787037,0.5993620855849475,-1.1169489194490545,-0.7928906559749961,True,False,True,False,False,False,True
1,1,0.2534695683198878,0,1,-0.16804075784261274,1,1,-1.3223559689098814,3.5694299454460867,0.4816679489465618,-1.3304686918962558,True,False,False,False,False,False,True
0,1,1.2447454597110414,0,0,0.5317077835536498,1,0,-1.021672029435493,3.3033988096607683,1.28097638314437,-1.0593274710196252,False,True,True,False,False,False,True
1,1,-0.7378063230712658,0,0,2.22725232616767,1,0,0.7152649403754705,0.9419722187283912,-0.3176404852512464,0.6373085187225204,True,False,False,True,False,False,True
1,1,0.2534695683198878,0,0,-1.5675378406351377,1,1,-0.7679699555039778,-1.3727730039671975,0.4816679489465618,-0.7060584873131373,False,True,True,False,False,True,False
1,0,-0.7378063230712658,0,0,-0.02450259550491787,1,1,-0.45162539418196507,0.4677881938558358,-1.1169489194490545,-0.4406981041114238,True,False,True,False,False,False,True
1,1,1.2447454597110414,1,0,-0.6883665963167567,1,1,-0.29989136916942644,-0.6447337220974323,1.28097638314437,-0.24737891869298798,True,False,True,False,False,True,False
1,1,-0.7378063230712658,0,0,-0.5986552448556973,1,1,-0.5487212496372363,-0.16667791172230156,-0.3176404852512464,-0.5089119886754461,True,False,True,False,False,True,False
1,0,-0.7378063230712658,0,0,1.3032254061187596,1,1,0.8252373071276774,0.07434333876209663,-1.1169489194490545,0.802022524611625,False,True,False,True,False,False,True
1,1,-0.7378063230712658,0,0,0.6752459458913446,1,1,1.27626321633926,-0.7436550573328831,-0.3176404852512464,1.3019254460308387,True,False,False,True,False,True,False
1,1,-0.7378063230712658,0,0,-0.11421394696597717,1,1,-0.11718411428047516,-0.1857656069386881,-0.3176404852512464,-0.09089762300988612,True,False,True,False,False,True,False
1,1,1.2447454597110414,0,0,0.9084954596900988,1,1,1.9869074344025714,-0.9794708265781253,1.28097638314437,1.8342807941216557,True,False,False,False,True,True,False
1,1,1.2447454597110414,1,0,-1.0113274615765702,1,1,-0.3834146856900899,-0.9660396032001494,1.28097638314437,-0.3155529354109762,False,True,True,False,False,True,False
1,0,-0.7378063230712658,0,0,-0.2756943795958839,1,1,-0.7175079517727437,0.6787807014678388,-1.1169489194490545,-0.7008756673287289,True,False,True,False,False,False,True
1,0,-0.7378063230712658,1,0,-2.0160945979404343,1,1,-0.8960390408356618,-2.053149175738645,-1.1169489194490545,-0.8381007933774512,True,False,True,False,False,True,False
1,0,-0.7378063230712658,0,0,-0.16804075784261274,1,0,0.20438065432407912,-0.6073016801497174,-1.1169489194490545,0.24363347306066302,False,True,False,True,False,True,False
0,1,-0.7378063230712658,0,0,-0.006560325212706013,1,1,-0.4902549280727719,0.5708499260578547,-0.3176404852512464,-0.4815227784501491,True,False,True,False,False,False,True
1,1,-0.7378063230712658,0,0,-1.5675378406351377,1,1,-1.1208559678037808,-0.8563160667644093,-0.3176404852512464,-1.044975046447417,True,False,False,False,False,True,False
1,1,-0.7378063230712658,1,0,-0.4012902716413669,1,1,-0.6983671917367583,0.4300095179179344,-0.3176404852512464,-0.7887842678335033,True,False,True,False,False,False,True
1,1,-0.7378063230712658,0,0,-0.11421394696597717,1,1,-0.3113758251910177,0.09868215923302544,-0.3176404852512464,-0.2911139457921886,True,False,True,False,False,False,True
1,1,1.2447454597110414,1,0,-0.07832940638155345,1,1,0.47200328100903827,-0.7595203192987459,1.28097638314437,0.3820147666443692,False,True,False,True,False,True,False
1,0,-0.7378063230712658,0,0,0.24463145887826002,1,1,0.8541224540910736,-0.7782340649807369,-1.1169489194490545,0.8906088784989757,True,False,False,True,False,True,False
1,1,-0.7378063230712658,0,0,-0.16804075784261274,1,1,2.2135949356469347,-1.6558164022862196,-0.3176404852512464,2.315181703424956,False,True,False,False,True,True,False
1,1,-0.7378063230712658,0,0,-0.16804075784261274,1,1,0.710044733092929,-1.0096261659183794,-0.3176404852512464,0.764985295646121,True,False,False,True,False,True,False
1,1,-0.7378063230712658,0,0,0.40611189150816673,1,1,-0.565425912941369,1.3423509533124045,-0.3176404852512464,-0.5819498826095714,False,True,True,False,False,False,True
1,1,0.2534695683198878,0,0,-0.6704243260245448,1,1,-0.7352566565333847,0.07220112458602526,0.4816679489465618,-0.6972476933396429,False,True,True,False,False,False,True
1,1,1.2447454597110414,0,0,1.5723594605019375,1,1,2.209288264638838,-0.7202877970635125,1.28097638314437,2.2140618954406945,False,True,False,False,True,True,False
1,0,-0.7378063230712658,1,0,-0.3115789201803076,1,0,0.39613626850276895,-0.9104406025342366,-1.1169489194490545,0.44931169074961164,False,False,False,True,False,True,False
1,1,1.2447454597110414,0,0,1.410879027872031,0,0,0.4194531943647875,0.6389937318804562,1.28097638314437,0.37766917142667294,False,True,False,True,False,False,False
1,1,2.236021351102195,1,0,-0.7780779477778159,1,1,-1.1727100268103594,1.1325423822708256,2.080284817342178,-1.1188700990712719,True,False,False,False,False,False,True
1,0,-0.7378063230712658,0,0,-0.02450259550491787,1,1,-0.3058076040896401,0.20332811389472363,-1.1169489194490545,-0.2903564567175443,False,True,True,False,False,False,True
0,1,-0.7378063230712658,0,0,0.029324215371717702,1,1,-0.3246003503067894,0.3039270146666676,-0.3176404852512464,-0.31272231834256853,True,False,True,False,False,False,True
1,1,-0.7378063230712658,1,0,0.26257372917047184,0,0,0.5189851465519114,-0.4982382603183065,-0.3176404852512464,0.5440775607722187,False,False,False,True,False,False,False
0,0,0.2534695683198878,0,1,-0.16804075784261274,1,1,0.4372018991254285,-0.8120338118722453,-0.3176404852512464,0.48367777403084283,True,False,False,True,False,True,False
1,0,-0.7378063230712658,0,0,-0.34746346076473134,1,1,-0.39837927990004207,-0.06449648623804964,-1.1169489194490545,-0.36785954940746807,True,False,True,False,False,True,False
1,1,0.2534695683198878,0,0,0.8546686488134632,1,1,2.2135949356469347,-1.107328015138326,0.4816679489465618,2.0739812349197932,False,False,False,False,True,True,False
0,1,-0.7378063230712658,0,0,0.2984582697548956,1,1,-0.259173752365603,0.526356519744442,-0.3176404852512464,-0.26021636511590734,True,False,True,False,False,False,True
1,1,0.2534695683198878,0,0,-0.9395583804077227,1,1,-0.8988231513863506,-0.04440099039658692,0.4816679489465618,-0.8509382398003709,False,True,True,False,False,True,False
1,1,-0.7378063230712658,0,0,0.6752459458913446,1,0,0.5273374782039778,-0.14526659762558497,-0.3176404852512464,0.5297650040460448,False,False,False,True,False,True,False
0,0,-0.7378063230712658,0,0,2.182396650437141,1,1,1.4662787614237693,0.11894567230065962,-1.1169489194490545,1.414113564770265,False,True,False,False,True,False,True
1,1,-0.7378063230712658,0,0,0.7649572973524039,1,1,0.7444981011577028,-0.27810589256938123,-0.3176404852512464,0.7486793466182516,False,False,False,True,False,True,False
0,0,-0.7378063230712658,0,0,-1.6751914623884088,1,1,-0.7060234957511524,-1.611494913303615,-1.1169489194490545,-0.61129261729053,True,False,True,False,False,True,False
0,0,-0.7378063230712658,0,0,-0.006560325212706013,0,1,1.7130205589785628,-1.398644928869253,-1.1169489194490545,1.790107220716082,True,False,False,False,True,False,False
1,1,1.2447454597110414,0,0,-1.0113274615765702,1,1,-1.1267722027239946,0.4219414456085566,1.28097638314437,-1.0819724075668868,True,False,False,False,False,False,True
1,1,-0.7378063230712658,1,0,1.01614908144337,1,1,0.041510187108785394,0.8245882842328622,-0.3176404852512464,0.009928159609875354,False,False,False,True,False,False,True
0,0,-0.7378063230712658,0,0,-0.7960202180700278,1,1,-0.8709820458794628,0.15578168864241976,-1.1169489194490545,-0.8302069598627368,False,False,True,False,False,False,True
1,1,2.236021351102195,0,0,2.22725232616767,1,1,2.2135949356469347,-0.3711988639661529,2.080284817342178,2.1821227672867773,False,False,False,False,True,True,False
1,0,-0.7378063230712658,0,0,-0.16804075784261274,1,1,-0.24003299232961764,-0.07835971058699175,-1.1169489194490545,-0.21456768140707894,False,False,True,False,False,True,False
1,1,0.2534695683198878,0,1,0.40611189150816673,0,0,2.2135949356469347,-1.3478930972207357,0.4816679489465618,2.1238160424621824,False,True,False,False,True,False,False
1,1,-0.7378063230712658,0,0,0.8008418379368276,1,0,0.8541224540910736,-0.3452039836258363,-0.3176404852512464,0.8597112978226942,False,False,False,True,False,True,False
1,0,-0.7378063230712658,0,1,2.22725232616767,1,1,2.2135949356469347,-0.3711988639661529,-1.1169489194490545,2.247281778148451,False,True,False,False,True,True,False
1,0,-0.7378063230712658,0,0,-1.136923353622053,1,1,-0.7836305773516022,-0.6201144768080399,-1.1169489194490545,-0.7212082688060236,False,True,True,False,False,True,False
1,0,-0.7378063230712658,0,0,-1.2086924347909005,1,1,-1.209947505425822,0.22399791566420918,-1.1169489194490545,-1.1567644867265043,True,False,False,False,False,False,True
1,1,-0.7378063230712658,0,1,-2.0160945979404343,1,1,-0.9520692656682735,-2.014313664915768,-0.3176404852512464,-0.8958693022805888,True,False,True,False,False,True,False
1,0,-0.7378063230712658,0,0,-0.634539785440121,1,1,-0.45232142181963725,-0.37000807909611055,-1.1169489194490545,-0.4075280562112094,True,False,True,False,False,True,False
1,1,2.236021351102195,0,0,2.22725232616767,1,0,1.9333133063018124,-0.1987244999497292,2.080284817342178,1.8931456687907255,True,False,False,False,True,True,False
0,1,-0.7378063230712658,0,0,-0.9575006506999345,1,0,-0.5609017332964997,-0.6731319252683287,-0.3176404852512464,-0.5015364371591724,False,False,True,False,False,True,False
1,1,1.2447454597110414,0,1,-0.8857315695310871,1,1,0.21621312416450644,-1.3276864773859613,1.28097638314437,0.29570087998095174,False,True,False,True,False,True,False
1,0,-0.7378063230712658,0,0,1.8773780554695392,0,0,2.2135949356469347,-0.5588396279904324,-1.1169489194490545,2.201558342228309,True,False,False,False,True,False,False
1,1,1.2447454597110414,1,0,-0.15009848755040087,1,0,-0.19653126497510542,-0.11927060690974946,1.28097638314437,-0.1707130507697764,False,False,True,False,False,True,False
1,1,1.2447454597110414,0,0,0.8546686488134632,1,0,0.32374939418486065,0.2494514510143975,1.28097638314437,0.3098938331690242,False,False,False,True,False,False,True
1,0,-0.7378063230712658,0,0,0.5496500538458616,1,1,-0.27065820838719423,0.8593956706523058,-1.1169489194490545,-0.28601086149984806,False,True,True,False,False,False,True
1,0,-0.7378063230712658,0,1,0.6752459458913446,1,1,0.26284697588854355,0.15460458207817804,-1.1169489194490545,0.0826471107757294,True,False,False,True,False,False,True
1,1,-0.7378063230712658,0,0,-0.2756943795958839,1,1,-0.5090476742899211,0.22734200660613516,-0.3176404852512464,-0.4859481093599133,True,False,True,False,False,False,True
1,1,1.2447454597110414,0,0,0.8905531893978869,1,1,1.9357494030336653,-0.9658902949535972,1.28097638314437,1.7835290261204864,False,True,False,False,True,True,False
0,1,-0.7378063230712658,0,0,-0.6704243260245448,1,1,0.21621312416450644,-1.1149833212274802,-0.3176404852512464,0.2837405261707781,True,False,False,True,False,True,False
0,1,1.2447454597110414,0,0,-1.2086924347909005,1,1,2.2135949356469347,-2.2139273927174097,1.28097638314437,2.372990080174128,False,True,False,False,True,True,False
1,1,0.2534695683198878,0,0,-1.9263832464793749,1,1,-1.124684119810978,-1.6642690619877385,0.4816679489465618,-1.0289880401878189,False,True,False,False,False,True,False
0,0,-0.7378063230712658,0,0,1.5723594605019375,1,0,1.9040801455195804,-0.5573653265551948,-1.1169489194490545,1.8993849866950325,False,False,False,False,True,True,False
1,1,-0.7378063230712658,0,0,-0.22186756871924831,1,1,-0.17565043584493956,-0.2333929112560368,-0.3176404852512464,-0.14519762930807317,True,False,True,False,False,True,False
1,0,-0.7378063230712658,0,0,-0.34746346076473134,0,0,0.02863367581184978,-0.6163265194151247,-1.1169489194490545,0.07240107434501449,False,False,False,True,False,False,False
1,1,-0.7378063230712658,0,1,0.26257372917047184,1,1,0.04603436675365467,0.014962274100907294,-0.3176404852512464,0.05645393593145001,False,False,False,True,False,False,True
1,0,-0.7378063230712658,0,0,1.9132625960539629,1,0,1.034045598429336,0.32861036635826024,-1.1169489194490545,0.9834212240659211,False,True,False,True,False,False,True
1,1,1.2447454597110414,1,0,-0.43717481222579063,1,0,-1.3620295442571966,3.097645736888911,1.28097638314437,-1.356422659664332,False,False,False,False,False,False,True
1,0,-0.7378063230712658,0,0,-1.5675378406351377,1,1,-1.0234120985296735,-1.0310960900033304,-1.1169489194490545,-0.9445080744419606,False,True,True,False,False,True,False
1,1,2.236021351102195,0,0,2.22725232616767,0,1,2.2135949356469347,-0.3711988639661529,2.080284817342178,1.9214867238400826,True,False,False,False,True,False,False
1,1,0.2534695683198878,0,0,0.40611189150816673,1,1,-0.06776615200574929,0.33423418273230465,0.4816679489465618,-0.06885070415313313,False,False,True,False,False,False,True
1,1,0.2534695683198878,0,0,0.8905531893978869,1,1,1.1635067390363645,-0.5188287214652009,0.4816679489465618,1.1737104531857798,False,True,False,True,False,True,False
1,0,-0.7378063230712658,0,0,-0.3115789201803076,1,1,-0.39385510025517284,-0.024020164961335255,-1.1169489194490545,-0.3651884037231957,False,False,True,False,False,True,False
1,1,-0.7378063230712658,0,0,2.1106275692682934,1,1,1.39667599765655,0.1305081221613272,-0.3176404852512464,1.3463382265126151,True,False,False,False,True,False,True
1,1,-0.7378063230712658,1,0,-0.7063088666089685,1,1,-1.1452169351223078,1.189593850043336,-0.3176404852512464,-1.1179332046894748,True,False,False,False,False,False,True
1,1,-0.7378063230712658,0,0,2.22725232616767,1,0,0.6049445598044275,1.094997019394554,-0.3176404852512464,0.5235655539877717,False,True,False,True,False,False,True
1,1,0.2534695683198878,0,0,-0.29363664988809574,0,0,-0.6353766905274246,0.45848774903803996,0.4816679489465618,-0.6151996662018534,True,False,True,False,False,False,False
1,1,1.2447454597110414,0,0,0.37022735092374304,1,1,-0.20209948607648298,0.51270983706829,1.28097638314437,-0.20535820897324558,False,False,True,False,False,False,True
1,1,-0.7378063230712658,0,0,-1.1189810833298413,1,1,1.0886837679866033,-1.9155955978403054,-0.3176404852512464,1.1334439286915294,False,True,False,True,False,True,False
1,1,-0.7378063230712658,0,0,0.8008418379368276,1,1,0.236049911838164,0.3117340077499877,-0.3176404852512464,0.22246364681665629,False,False,False,True,False,False,True
0,1,-0.7378063230712658,0,0,-0.4551170825180025,1,0,-0.5609017332964997,0.06499397382494755,-0.3176404852512464,-0.5294439293829102,False,False,True,False,False,False,True
1,1,-0.7378063230712658,0,0,-0.15009848755040087,1,1,-0.14711330270037956,-0.1873735071558785,-0.3176404852512464,-0.11976194353843785,False,False,True,False,False,True,False
1,0,-0.7378063230712658,0,0,-1.3342883268363834,0,0,-1.377342152285985,0.5149802031000728,-1.1169489194490545,-1.3066775547755194,True,False,False,False,False,False,False
1,1,1.2447454597110414,0,0,1.123802703196641,1,1,0.6282614856664461,0.13287519490227567,1.28097638314437,0.6089026784233583,True,False,False,True,False,False,True
1,1,-0.7378063230712658,1,0,-0.7601356774856041,1,1,-0.9068274692195808,0.310445882136057,-0.3176404852512464,-0.8691578454378684,False,False,True,False,False,False,True
1,1,2.236021351102195,0,0,2.22725232616767,1,1,2.2135949356469347,-0.3711988639661529,2.080284817342178,2.129995558597438,False,True,False,False,True,True,False
1,1,2.236021351102195,1,0,-1.0113274615765702,1,0,-0.9301443950815994,-0.10896140887995624,2.080284817342178,-0.9599767987031183,False,False,True,False,False,True,False
1,1,-0.7378063230712658,0,0,0.8905531893978869,1,1,1.7881915438471598,-0.8939970103069819,-0.3176404852512464,1.8177755058636162,True,False,False,False,True,True,False
1,1,-0.7378063230712658,1,1,-0.903673839823299,1,0,-0.3879388653349592,-0.8184271098065218,-0.3176404852512464,-0.32619765030203074,True,False,True,False,False,True,False
1,1,-0.7378063230712658,0,0,-0.38334800134915503,1,1,-0.2553456003584059,-0.32120573077558656,-0.3176404852512464,-0.21839499462633452,False,False,True,False,False,True,False
1,1,1.2447454597110414,0,0,-0.6524820557323329,1,1,-0.8807264328068735,0.4428273486581061,1.28097638314437,-0.848227226270065,False,False,True,False,False,False,True
1,1,2.236021351102195,0,0,2.22725232616767,0,0,2.2135949356469347,-0.3711988639661529,2.080284817342178,2.1821227672867773,True,False,False,False,True,False,False
1,1,0.2534695683198878,0,0,-0.38334800134915503,1,1,-0.8507972443869691,0.8497131915771783,0.4816679489465618,-0.8323199557025343,True,False,True,False,False,False,True
1,0,-0.7378063230712658,1,0,-0.634539785440121,0,0,-0.8389647745465418,0.36914208337091425,-1.1169489194490545,-0.7807508968576701,False,True,True,False,False,False,False
1,1,0.2534695683198878,0,0,0.7649572973524039,0,0,2.2135949356469347,-1.1554410315548078,0.4816679489465618,2.2633535035808716,False,True,False,False,True,False,False
1,0,-0.7378063230712658,0,0,-1.262519245667536,1,0,0.27293937663479034,-1.727654154606165,-1.1169489194490545,0.375117629280503,False,False,False,True,False,True,False
1,1,-0.7378063230712658,0,0,-1.154865623914265,1,1,-0.5549854983762861,-0.9702218688622297,-0.3176404852512464,-0.5572318180685466,True,False,True,False,False,True,False
1,1,0.2534695683198878,0,0,2.2003389207293527,1,0,2.2135949356469347,-0.3856327688910978,0.4816679489465618,2.183617811513049,True,False,False,False,True,True,False
0,1,-0.7378063230712658,0,0,-0.5268861636868499,1,1,-0.8942989717414813,0.7119558702479446,-0.3176404852512464,-0.8691977132839023,True,False,True,False,False,False,True
1,1,-0.7378063230712658,0,1,-0.3115789201803076,1,1,2.2135949356469347,-1.7327972285525908,-0.3176404852512464,2.3231552726317384,True,False,False,False,True,True,False
1,1,0.2534695683198878,0,1,-1.2804615159597479,0,0,-1.3978749675973148,0.7735628834523675,0.4816679489465618,-1.3596918230391128,False,False,False,False,False,False,False
1,1,-0.7378063230712658,0,0,-1.423999678297443,1,1,-0.5824785900643378,-1.3375665178180076,-0.3176404852512464,-0.49786859532405253,False,False,True,False,False,True,False
1,1,-0.7378063230712658,0,1,0.5496500538458616,1,1,-0.07820656657083222,0.512320523727707,-0.3176404852512464,-0.08758859178907166,False,False,True,False,False,False,True
1,1,-0.7378063230712658,0,0,0.9084954596900988,1,1,1.090423837080784,-0.45255102185912843,-0.3176404852512464,0.9099846516714566,False,False,False,True,False,True,False
1,0,-0.7378063230712658,1,0,-1.6034223812195614,1,1,-0.4558015600079982,-1.7003778212165637,-1.1169489194490545,-0.3572945702084813,False,False,True,False,False,True,False
1,0,-0.7378063230712658,0,0,0.4778809726770142,1,0,2.020316761010837,-1.2363659223419203,-1.1169489194490545,2.080026197074685,True,False,False,False,True,True,False
1,1,-0.7378063230712658,1,0,0.40611189150816673,1,0,-0.05628169598415806,0.316611516467717,-0.3176404852512464,-0.05700995388106148,False,True,False,True,False,False,True
1,0,-0.7378063230712658,0,0,-1.1010388130376294,1,1,-0.8132117519526706,-0.5075278068277538,-1.1169489194490545,-0.7537005633236613,True,False,True,False,False,True,False
1,0,-0.7378063230712658,0,0,-0.3115789201803076,1,1,-0.69732315028025,0.5717714854838345,-1.1169489194490545,-0.6780712593973315,False,False,True,False,False,False,True
1,1,0.2534695683198878,0,0,0.5855345944302853,1,0,-0.16938618710588982,0.7107063477852245,0.4816679489465618,-0.18359036503872983,True,False,True,False,False,False,True
1,0,-0.7378063230712658,0,0,0.8905531893978869,1,1,2.049201907974233,-1.017735689375167,-1.1169489194490545,2.0868834665925173,False,False,False,False,True,True,False
0,0,-0.7378063230712658,1,0,-0.3115789201803076,1,1,-0.6691340309545261,0.5061811835759243,-1.1169489194490545,-0.6490075996386102,False,True,True,False,False,False,True
0,1,-0.7378063230712658,0,0,-0.43717481222579063,1,1,0.012973053964225384,-0.6968582466052884,-0.3176404852512464,0.0612380774555195,True,False,False,True,False,True,False
1,0,-0.7378063230712658,0,1,-0.9754429209921464,1,0,1.6723029421747393,-1.9759025685540257,-1.1169489194490545,1.8019479709881536,False,True,False,False,True,True,False
1,1,0.2534695683198878,1,0,-0.8498470289466633,1,1,-0.3809785889582372,-0.7554732808184395,0.4816679489465618,-0.3220115264684698,True,False,True,False,False,True,False
1,0,1.2447454597110414,0,0,0.5137655132614379,0,1,-0.4425770348922265,1.1862980532330483,0.4816679489465618,-0.461269912664922,True,False,True,False,False,False,False
1,1,2.236021351102195,1,0,-0.16804075784261274,1,0,-0.7665779002286335,0.9863306242820566,2.080284817342178,-0.8850252481593649,False,True,True,False,False,False,True
1,1,0.2534695683198878,1,0,-0.04244486579712973,1,1,-0.5609017332964997,0.671311676651567,0.4816679489465618,-0.5523679408524091,False,True,True,False,False,False,True
1,1,1.2447454597110414,1,0,-0.23980983901146016,1,1,-0.7926789366413408,0.9371287983234655,1.28097638314437,-0.7803721523203477,True,False,True,False,False,False,True
0,0,-0.7378063230712658,1,0,-0.3115789201803076,1,1,-0.6218041515928168,0.4014756596120234,-1.1169489194490545,-0.6002093560931029,True,False,True,False,False,False,True
0,0,-0.7378063230712658,0,0,-1.029269731868782,1,1,-1.0268922367180346,0.09190819984437806,-1.1169489194490545,-0.9779970651104462,False,True,True,False,False,False,True
1,0,-0.7378063230712658,1,0,-1.4778264891740784,1,1,0.10832884032531616,-1.8661683070868975,-1.1169489194490545,0.21736056252431551,False,False,False,True,False,True,False
1,0,-0.7378063230712658,0,0,-1.406057408005231,1,1,-1.2931228081276493,-0.0121130234424607,-1.1169489194490545,-1.2315565658861218,False,True,False,False,False,False,True
1,0,-0.7378063230712658,0,0,-0.1859830281348246,1,0,-0.9663378322405536,1.6015351032119938,-1.1169489194490545,-0.9624087373111869,True,False,True,False,False,False,True
0,0,-0.7378063230712658,0,0,1.374994487287607,1,0,1.3242891233386416,-0.3020602188105867,-1.1169489194490545,1.3125701609218927,True,False,False,True,False,True,False
1,1,2.236021351102195,0,0,-0.16804075784261274,0,0,-0.5271443928693983,0.4168429982523166,2.080284817342178,-0.5105864382088702,True,False,True,False,False,False,False
1,1,0.2534695683198878,0,1,1.8414935148851155,1,1,0.5541345422543573,0.8360930803572176,0.4816679489465618,0.49260817154243924,False,True,False,True,False,False,True
1,1,2.236021351102195,1,1,-0.13215621725818902,1,1,-0.1711262562000703,-0.1335203097755373,2.080284817342178,-0.14551657207634472,False,False,True,False,False,True,False
1,1,-0.7378063230712658,0,0,-0.006560325212706013,1,1,-0.00025147115154632905,-0.21529315505891408,-0.3176404852512464,0.0236825664915748,False,True,False,True,False,True,False
1,1,2.236021351102195,1,0,-0.6704243260245448,1,1,-0.4738982785874753,-0.38770840802265927,2.080284817342178,-0.4277809219964365,True,False,True,False,False,True,False
1,1,-0.7378063230712658,0,0,-0.04244486579712973,1,0,-1.477222118291945,5.476632948853039,-0.3176404852512464,-1.497116288318005,False,False,False,False,False,False,True
1,1,-0.7378063230712658,0,0,-0.11421394696597717,1,1,-0.24107703378612594,-0.010952653547744806,-0.3176404852512464,-0.21863420170253794,True,False,True,False,False,False,True
1,1,1.2447454597110414,0,0,-1.1728078942064768,0,0,-0.415779970841847,-1.1477679676967074,1.28097638314437,-0.33995205718372995,True,False,True,False,False,False,False
0,1,1.2447454597110414,0,0,-0.1859830281348246,1,1,0.16401105133909177,-0.5857462153102034,1.28097638314437,0.20300813795210776,True,False,False,True,False,True,False
1,1,-0.7378063230712658,0,0,-1.3881151377130192,0,0,-1.3829103733873624,0.3763010761826121,-0.3176404852512464,-1.3251264005277117,False,True,False,False,False,False,False
1,1,1.2447454597110414,0,0,-0.38334800134915503,1,1,-0.16312193836684005,-0.43997459757959106,1.28097638314437,-0.12331018183545596,True,False,True,False,False,True,False
1,0,-0.7378063230712658,0,0,0.119035566832777,1,1,-0.15059344088874055,0.1318268141950736,-1.1169489194490545,-0.13830049194420654,True,False,True,False,False,False,True
1,1,-0.7378063230712658,0,0,0.6752459458913446,1,1,0.8328936111420716,-0.4256216716686703,-0.3176404852512464,0.8448007234060115,True,False,False,True,False,True,False
1,1,-0.7378063230712658,0,0,-0.16804075784261274,1,1,0.01923730270327514,-0.4132103800927624,-0.3176404852512464,0.05274622625029637,True,False,False,True,False,True,False
1,1,-0.7378063230712658,0,0,0.5855345944302853,1,0,-1.0248041538050179,3.4320647647327474,-0.3176404852512464,-1.0655468550009153,False,False,True,False,False,False,True
1,1,-0.7378063230712658,1,1,0.011381945079505846,1,0,-0.5080036328334129,0.6336148108893057,-0.3176404852512464,-0.5008188159305621,False,True,True,False,False,False,True
1,1,1.2447454597110414,0,0,1.3032254061187596,1,1,0.6091207256304607,0.3058487747562651,1.28097638314437,0.579201133128095,True,False,False,True,False,False,True
1,1,-0.7378063230712658,0,0,0.37022735092374304,1,1,-0.49999931500018263,1.1244349016819255,-0.3176404852512464,-0.4731305968600106,True,False,True,False,False,False,True
1,0,-0.7378063230712658,0,1,1.123802703196641,1,1,0.0714393755286898,0.8879713992648837,-1.1169489194490545,0.034805695535036214,False,False,False,True,False,False,True
1,1,0.2534695683198878,0,0,-0.5986552448556973,1,1,-0.5741262584122714,-0.12297698435370139,0.4816679489465618,-0.5351051635197257,True,False,True,False,False,True,False
1,1,-0.7378063230712658,0,0,-1.7110760029728325,1,1,-0.8626297142273964,-1.5219965726782085,-0.3176404852512464,-0.8126252397617821,False,False,True,False,False,True,False
1,0,-0.7378063230712658,1,0,-0.3115789201803076,1,1,-0.1418930954178381,-0.38226560600036424,-1.1169489194490545,-0.10540951896622987,False,False,True,False,False,True,False
0,0,-0.7378063230712658,0,0,2.22725232616767,1,1,0.7441500873388667,0.9038290538626822,-1.1169489194490545,0.6670897997098519,True,False,False,True,False,False,True
1,1,0.2534695683198878,0,0,0.04726648566392956,1,1,-0.43874888288502945,0.5405720510883291,0.4816679489465618,-0.4314088959855223,True,False,True,False,False,False,True
1,1,0.2534695683198878,0,0,0.5855345944302853,1,1,0.19672435030968496,0.1507472944138166,0.4816679489465618,0.19387840121034228,False,False,False,True,False,False,True
1,1,-0.7378063230712658,0,0,2.1106275692682934,1,0,-0.1561616619901181,2.4741202309141483,-0.3176404852512464,-0.2546747345171938,False,True,True,False,False,False,True
0,0,-0.7378063230712658,0,1,-0.2756943795958839,1,1,-0.9506772103929292,1.3687646798365127,-1.1169489194490545,-0.941278778913214,False,True,True,False,False,False,True
0,0,0.2534695683198878,0,0,-0.4551170825180025,1,1,-0.8292203876191311,0.6621556403526665,-0.3176404852512464,-0.8060869130122206,False,False,True,False,False,False,True
1,1,0.2534695683198878,0,0,-0.7421934071933922,1,1,-1.0021832555806716,0.6112166818288147,0.4816679489465618,-0.9684686499083414,True,False,True,False,False,False,True
1,1,1.2447454597110414,0,0,-0.3115789201803076,1,1,1.6093124409654056,-1.5474738407049107,1.28097638314437,1.7001254922175442,False,False,False,False,True,True,False
1,1,0.2534695683198878,1,0,0.04726648566392956,1,0,-0.5922229769917485,0.8770474612983643,0.4816679489465618,-0.7291818380128058,False,True,True,False,False,False,True
1,0,-0.7378063230712658,0,0,0.31640054004710744,1,1,0.8600386890112872,-0.7266065682909815,-1.1169489194490545,0.1202823574317415,False,True,False,True,False,True,False
1,1,1.2447454597110414,0,1,-0.5268861636868499,1,1,0.4716552671902022,-1.159289435609631,1.28097638314437,0.5391339478640137,False,False,False,True,False,True,False
1,1,-0.7378063230712658,1,0,-0.25775210930367204,1,1,0.5666630397324568,-0.9879450946360863,-0.3176404852512464,0.6221388033066172,True,False,False,True,False,True,False
1,0,-0.7378063230712658,0,1,-0.3115789201803076,1,0,1.4575784159528669,-1.4912034370755496,-1.1169489194490545,1.4240805262787426,False,True,False,False,True,True,False
1,1,1.2447454597110414,0,0,-0.4551170825180025,1,1,1.2209290191443205,-1.4929590730090512,1.28097638314437,1.3076664158597215,False,True,False,True,False,True,False
1,1,0.2534695683198878,1,0,-0.006560325212706013,1,1,0.14382624984659811,-0.3827110753888995,0.4816679489465618,0.03568278814778198,False,True,False,True,False,True,False
1,1,0.2534695683198878,0,0,-0.25775210930367204,1,1,-0.5114837710217739,0.25752599689229394,0.4816679489465618,-0.4588080731723281,True,False,True,False,False,False,True
1,1,-0.7378063230712658,0,0,-0.8498470289466633,1,1,-0.8762022531620043,0.06962536326135026,-0.3176404852512464,-0.8325990306247715,False,True,True,False,False,False,True
1,1,-0.7378063230712658,1,0,1.141744973488853,0,0,-0.22158825993130446,1.4816688467396226,-0.3176404852512464,-0.26830953786079126,True,False,True,False,False,False,False
0,0,1.2447454597110414,0,0,0.011381945079505846,1,0,-0.9632057078710287,1.9775397478418009,0.4816679489465618,-0.9701430994417657,False,True,True,False,False,False,True
1,0,-0.7378063230712658,1,1,-0.5986552448556973,1,1,-0.5027834255508714,-0.2422883929494621,-1.1169489194490545,-0.46154898758715945,False,False,True,False,False,True,False
1,1,0.2534695683198878,1,0,2.22725232616767,1,1,1.2414618344556503,0.34883796918832377,0.4816679489465618,0.9191941241052902,True,False,False,True,False,False,True
1,0,-0.7378063230712658,0,1,0.9802645408589462,0,0,2.2135949356469347,-1.0399697921552515,-1.1169489194490545,2.2513931497706983,False,True,False,False,True,False,False
0,0,2.236021351102195,0,0,2.1106275692682934,1,1,-1.0829224615506463,7.1053301886728635,1.28097638314437,-1.2101874004119453,False,False,True,False,False,False,True
1,0,-0.7378063230712658,1,0,-0.4012902716413669,0,0,-0.052105530158124885,-0.5891191907413761,-1.1169489194490545,-0.007852899721249033,False,False,False,True,False,False,False
1,1,2.236021351102195,0,0,-0.7780779477778159,1,0,-0.32877651613282255,-0.7243387818598469,2.080284817342178,-0.2721767189260807,False,True,True,False,False,True,False
1,1,-0.7378063230712658,0,0,2.22725232616767,1,0,2.2135949356469347,-0.3711988639661529,-0.3176404852512464,2.1821227672867773,False,False,False,False,True,True,False
1,1,2.236021351102195,1,0,-0.16804075784261274,1,0,-0.4397929243415377,0.24864334142390027,2.080284817342178,-0.42052497401826455,True,False,True,False,False,False,True
1,1,0.2534695683198878,0,0,2.22725232616767,1,1,1.4401777250110621,0.16999789613291583,0.4816679489465618,1.3847110283202553,False,True,False,False,True,False,True
1,0,-0.7378063230712658,0,0,-0.06038713608934159,1,1,-0.6701780724110344,0.9047748987763494,-1.1169489194490545,-0.6640377775933949,True,False,True,False,False,False,True
0,0,0.2534695683198878,0,0,0.31640054004710744,1,0,-0.9444129616538793,2.4920898799490225,-0.3176404852512464,-2.3581022912663534,True,False,True,False,False,False,True
0,0,-0.7378063230712658,0,0,-0.3115789201803076,1,1,0.34985043059756793,-0.8739197442478682,-1.1169489194490545,0.40158987904701965,False,False,False,True,False,True,False
1,0,-0.7378063230712658,0,1,-0.16804075784261274,1,1,-0.35800967691505475,0.10598055657422278,-1.1169489194490545,-0.33620447965654227,True,False,True,False,False,False,True
1,0,-0.7378063230712658,0,0,0.24463145887826002,1,1,0.4688711566395134,-0.4686387265788366,-1.1169489194490545,0.4934055284631176,False,False,False,True,False,True,False
1,1,1.2447454597110414,0,0,0.22668918858604814,1,1,-0.034704839216320005,0.0857978269518588,1.28097638314437,-0.024796734285661228,True,False,False,True,False,False,True
1,1,2.236021351102195,0,0,0.40611189150816673,0,1,-0.017652162093351215,0.25872456229604385,2.080284817342178,-0.01718197569318411,False,True,False,True,False,False,False
0,0,-0.7378063230712658,0,0,-0.04244486579712973,1,0,-0.9663378322405536,1.884309574126019,-1.1169489194490545,-0.9703823065179692,False,False,True,False,False,False,True
0,0,0.2534695683198878,0,0,-0.8498470289466633,1,1,-0.6120597646654061,-0.4363406994594377,-0.3176404852512464,-0.5602617743671235,False,True,True,False,False,True,False
0,0,-0.7378063230712658,0,0,-1.9263832464793749,1,1,-1.0293283334498873,-1.7678118218251047,-1.1169489194490545,-0.9306739318681935,False,True,True,False,False,True,False
1,1,-0.7378063230712658,0,0,-0.02450259550491787,1,1,1.7231129597248094,-1.413358051856397,-0.3176404852512464,1.8015094246817807,False,True,False,False,True,True,False
1,0,-0.7378063230712658,0,0,-0.20392529842703647,1,1,-0.5236642546810373,0.3582770469508151,-1.1169489194490545,-0.5050049397641229,False,False,True,False,False,False,True
1,1,-0.7378063230712658,0,0,0.22668918858604814,1,1,-0.47041814039911434,0.8544496805083359,-0.3176404852512464,-0.4740276233957737,True,False,True,False,False,False,True
1,1,1.2447454597110414,0,0,-0.8498470289466633,1,1,-0.7985951715615545,-0.09946209874775758,1.28097638314437,-0.7525842636347116,True,False,True,False,False,True,False
1,1,0.2534695683198878,0,0,-0.4012902716413669,1,1,-0.5577696089269748,0.13813718935776467,0.4816679489465618,-0.5292047223067068,True,False,True,False,False,False,True
1,1,-0.7378063230712658,0,0,1.249398595242124,1,1,0.3731673564595865,0.5539086089764859,-0.3176404852512464,0.3389176250817117,True,False,False,True,False,False,True
1,1,-0.7378063230712658,0,0,-1.029269731868782,1,1,-0.6235442206869973,-0.6923628099564274,-0.3176404852512464,-0.5621355631307176,False,True,True,False,False,True,False
1,1,-0.7378063230712658,0,0,2.22725232616767,1,1,2.2135949356469347,-0.3711988639661529,-0.3176404852512464,2.1821227672867773,True,False,False,False,True,True,False
0,1,-0.7378063230712658,1,0,-0.23980983901146016,1,1,-0.7289924077943349,0.7664193273430983,-0.3176404852512464,-0.7147098099024959,False,False,True,False,False,False,True
1,0,0.2534695683198878,1,1,0.37022735092374304,0,0,0.09893246721674151,0.0587524620770527,-0.3176404852512464,0.10501297240075368,False,True,False,True,False,False,False
1,1,-0.7378063230712658,0,0,-0.4551170825180025,1,1,-0.5107877433841016,-0.024949017052507086,-0.3176404852512464,-0.47777520092296116,True,False,True,False,False,True,False
1,1,1.2447454597110414,0,0,-1.0651542724532057,1,1,-1.0119972495176182,-0.02040463732726447,1.28097638314437,-1.0383888826601044,False,True,True,False,False,False,True
0,0,-0.7378063230712658,0,0,-1.4957687594662903,1,1,-0.9458050169292238,-1.011170477971529,-1.1169489194490545,-0.8684800920552919,False,True,True,False,False,True,False
1,1,-0.7378063230712658,0,0,-0.16804075784261274,1,0,2.2135949356469347,-1.6558164022862196,-0.3176404852512464,2.315181703424956,False,False,False,False,True,True,False
1,0,-0.7378063230712658,0,0,-0.8677892992388753,1,1,0.005664763768667332,-1.1562956553732189,-1.1169489194490545,0.07762376217545698,False,False,False,True,False,True,False
0,0,-0.7378063230712658,0,1,-0.6883665963167567,1,0,-0.6534734091069017,-0.11689950508146399,-1.1169489194490545,-0.6316650866138588,True,False,True,False,False,True,False
1,1,-0.7378063230712658,0,0,-0.3115789201803076,1,1,-0.1707782423812342,-0.34581131894330447,-0.3176404852512464,-0.13519079995356167,False,False,True,False,False,True,False
0,0,-0.7378063230712658,0,0,-0.4012902716413669,1,1,-0.7206400761422685,0.48149381107744704,-1.1169489194490545,-0.6971280898015411,True,False,True,False,False,False,True
1,0,-0.7378063230712658,0,0,0.8905531893978869,1,1,1.1530663244712815,-0.5113549701996886,-1.1169489194490545,1.1629461347566237,False,False,False,True,False,True,False
1,1,-0.7378063230712658,0,0,0.029324215371717702,1,1,-0.24490518579332302,0.17082940222408954,-0.3176404852512464,-0.23055468766667747,False,False,True,False,False,False,True
1,1,1.2447454597110414,0,0,-0.1859830281348246,0,0,-0.6245882621435056,0.599661939417342,1.28097638314437,-0.6100567140634788,True,False,True,False,False,False,False
1,1,1.2447454597110414,0,0,-0.06038713608934159,1,1,-0.515659936847807,0.5475132124898904,1.28097638314437,-0.5047258648418853,False,True,True,False,False,False,True
0,0,-0.7378063230712658,0,0,0.10109329654056513,0,0,-0.27065820838719423,0.30182047821176083,-1.1169489194490545,-0.22546157033584527,False,True,True,False,False,False,False
1,1,-0.7378063230712658,0,0,0.621419135014709,1,1,-0.16625406273636492,0.7473071596906007,-0.3176404852512464,-0.1823544618116787,True,False,True,False,False,False,True
1,1,2.236021351102195,0,0,-0.4910016231024262,1,1,-0.18400276749700592,-0.5419937035961795,2.080284817342178,-0.13885864178868149,False,True,True,False,False,True,False
1,1,0.2534695683198878,0,0,1.123802703196641,1,1,0.2367459394758362,0.6271199832123463,0.4816679489465618,0.2052407373300066,True,False,False,True,False,False,True
0,1,0.2534695683198878,0,0,-0.04244486579712973,1,1,-0.5320165863331037,0.6080064542268826,0.4816679489465618,-0.5225866598650777,False,True,True,False,False,False,True
0,0,-0.7378063230712658,0,0,0.24463145887826002,1,0,0.46852314282067725,-0.46831796396168107,-1.1169489194490545,0.5306719975433157,False,False,False,True,False,True,False
1,1,0.2534695683198878,0,0,-0.43717481222579063,1,0,-0.43700881379084894,-0.12335911133617973,0.4816679489465618,-0.40270404684110633,False,True,True,False,False,True,False
1,1,-0.7378063230712658,1,0,-0.7960202180700278,0,0,-0.508351646652249,-0.5140766861485772,-0.3176404852512464,-0.45632629975671696,False,True,True,False,False,False,False
1,1,-0.7378063230712658,1,0,-0.5807129745634855,1,1,-0.5462851529053836,-0.14467368021479116,-0.3176404852512464,-0.5073970105261573,True,False,True,False,False,True,False
0,0,-0.7378063230712658,0,0,-0.09627167667376531,1,1,-0.415779970841847,0.3020167446794997,-1.1169489194490545,-0.39975382623459677,False,False,True,False,False,False,True
1,1,0.2534695683198878,0,0,-0.7421934071933922,1,1,-0.9628576940521926,0.4958852721454432,0.4816679489465618,-0.9279230504918535,False,True,True,False,False,False,True
1,0,-0.7378063230712658,0,0,0.04726648566392956,1,1,0.10624075741229956,-0.2853319336677839,-1.1169489194490545,0.13048852601642308,False,False,False,True,False,True,False
1,0,-0.7378063230712658,1,0,-0.16804075784261274,1,0,-1.45982142735014,4.84467551012495,-1.1169489194490545,-1.4721988845468104,False,True,False,False,False,False,True
0,0,-0.7378063230712658,0,0,-0.04244486579712973,1,1,-0.2668300563799972,0.11729472789995232,-1.1169489194490545,-0.24917297176451406,False,False,True,False,False,False,True
0,0,-0.7378063230712658,0,0,-0.5986552448556973,0,0,-0.672266155324051,0.059898503324186385,-1.1169489194490545,-0.6362897567537925,False,True,True,False,False,False,False
1,0,-0.7378063230712658,0,0,2.22725232616767,1,0,2.2135949356469347,-0.3711988639661529,-1.1169489194490545,2.1821227672867773,False,False,False,False,True,True,False
1,1,1.2447454597110414,1,0,0.8546686488134632,1,1,0.5123728839940256,0.027691583808071202,1.28097638314437,0.5043691861224432,False,False,False,True,False,False,True
0,0,-0.7378063230712658,0,0,-0.9575006506999345,1,1,-1.1406927554774384,0.5915760773604664,-1.1169489194490545,-1.0993149205916382,True,False,False,False,False,False,True
1,0,-0.7378063230712658,1,0,-0.47305935281021433,1,1,-0.3002393829882625,-0.37241048723684383,-1.1169489194490545,-0.25969808311746667,True,False,True,False,False,True,False
0,0,-0.7378063230712658,0,0,-1.4598842188818666,1,1,-1.2833784212002386,-0.1888012096686321,-1.1169489194490545,-1.218519780233033,False,False,False,False,False,True,False
1,1,1.2447454597110414,0,1,0.119035566832777,1,1,-0.1561616619901181,0.14023429470114532,1.28097638314437,-0.6156211262884976,False,False,True,False,False,False,True
1,1,-0.7378063230712658,0,0,0.3881696212159549,1,0,-0.6538214229257379,1.5632891353259748,-0.3176404852512464,-0.6720910824922447,False,False,True,False,False,False,True
1,1,0.2534695683198878,1,0,-0.47305935281021433,1,1,-0.4022074319072392,-0.2261663819290018,0.4816679489465618,-0.47546286585299447,False,True,True,False,False,True,False
1,1,1.2447454597110414,0,0,-0.3115789201803076,1,1,-0.8622817004085603,1.0129066066049435,1.28097638314437,-0.8481474905779971,True,False,True,False,False,False,True
1,1,-0.7378063230712658,0,0,-0.8857315695310871,1,1,-0.696975136461414,-0.3513086307958851,-0.3176404852512464,-0.6458181719558974,False,True,True,False,False,True,False
0,0,0.2534695683198878,0,0,-0.4551170825180025,1,1,-0.9235321325237136,0.9338188107130513,-0.3176404852512464,-0.9033245894889304,True,False,True,False,False,False,True
1,1,0.2534695683198878,0,1,0.31640054004710744,1,0,1.3242891233386416,-1.0148710357288884,0.4816679489465618,1.3713752338219118,False,False,False,True,False,True,False
1,1,-0.7378063230712658,0,0,-0.4012902716413669,1,1,-0.5664699543978773,0.15469974033163053,-0.3176404852512464,-0.538174987664337,True,False,True,False,False,False,True
1,1,2.236021351102195,0,0,-0.23980983901146016,1,1,-0.5789984518759768,0.418848509112436,2.080284817342178,-0.5600624351369542,True,False,True,False,False,False,True
1,1,1.2447454597110414,1,0,-0.16804075784261274,1,1,-0.3493093314441523,0.09156382483119496,1.28097638314437,-0.3272342142989123,False,False,True,False,False,False,True
0,0,-0.7378063230712658,0,0,-0.09627167667376531,1,1,-0.01521606536149853,-0.2948203303780571,-1.1169489194490545,0.013237190830690299,False,False,False,True,False,True,False
1,1,2.236021351102195,0,0,2.22725232616767,1,1,2.2135949356469347,-0.3711988639661529,2.080284817342178,2.1821227672867773,False,False,False,False,True,True,False
1,1,0.2534695683198878,0,1,2.22725232616767,0,0,2.2135949356469347,-0.3711988639661529,0.4816679489465618,2.1821227672867773,False,False,False,False,True,False,False
1,0,-0.7378063230712658,0,0,-0.13215621725818902,0,1,-0.4446651178052431,0.3067147115462602,-1.1169489194490545,-0.42754171492023313,False,False,True,False,False,False,False
1,1,-0.7378063230712658,0,1,0.8367263785212513,1,1,0.6206051816520519,-0.10109294462948265,-0.3176404852512464,0.6169559833222087,True,False,False,True,False,True,False
0,1,-0.7378063230712658,0,0,-0.4910016231024262,1,0,0.2050766819617513,-0.9285336206640316,-0.3176404852512464,0.2622916250045342,False,True,False,True,False,True,False
0,0,-0.7378063230712658,0,0,-1.262519245667536,1,1,-1.2858145179320912,0.35034290175870686,-1.1169489194490545,-1.2319951121924948,False,True,False,False,False,False,True
1,0,0.2534695683198878,0,0,-0.3654057310569432,1,1,-0.00616770607175999,-0.5991170459465661,-0.3176404852512464,0.03751670906534214,False,True,False,True,False,True,False
1,0,-0.7378063230712658,0,0,-0.7063088666089685,1,1,-1.1344285067383888,1.146530746925675,-1.1169489194490545,-1.1068100756460135,True,False,False,False,False,False,True
1,0,-0.7378063230712658,0,0,-1.1907501644986886,1,1,-1.1699259162596707,0.14033820009894107,-1.1169489194490545,-1.116497962232254,False,True,False,False,False,False,True
1,1,-0.7378063230712658,0,0,2.22725232616767,1,1,2.2135949356469347,-0.3711988639661529,-0.3176404852512464,1.9214867238400826,False,True,False,False,True,True,False
1,1,0.2534695683198878,0,1,0.8008418379368276,1,1,1.9040801455195804,-1.0026817920116275,0.4816679489465618,1.7608442217271911,False,True,False,False,True,True,False
1,1,-0.7378063230712658,0,1,-1.2086924347909005,1,1,1.321853026606789,-2.041209463550737,-0.3176404852512464,1.4535827323438368,True,False,False,True,False,True,False
1,1,0.2534695683198878,0,0,0.40611189150816673,1,1,-0.08934300877358733,0.3678731379238487,0.4816679489465618,-0.0910969622400557,False,False,True,False,False,False,True
1,1,1.2447454597110414,0,1,0.6931882161835564,1,1,0.31504904871395817,0.10735081616325826,1.28097638314437,0.3098938331690237,False,False,False,True,False,False,True
0,0,2.236021351102195,1,0,-0.16804075784261274,0,0,-1.5189837765522767,5.562965932285838,1.28097638314437,-1.5331966889786945,False,True,False,False,False,False,False
0,0,-0.7378063230712658,0,0,-1.1907501644986886,1,1,-0.7081115786641691,-0.8255161414041112,-1.1169489194490545,-0.6403562770492512,True,False,True,False,False,True,False
1,1,2.236021351102195,1,0,0.6393614053069209,1,0,-0.6823585560702978,2.048971940219201,2.080284817342178,-0.7154672989771405,False,False,True,False,False,False,True
0,0,-0.7378063230712658,0,0,-1.639306921803985,1,0,-1.3282722038300951,-0.5504582919725488,-1.1169489194490545,-1.2548393879699262,False,False,False,False,False,True,False
1,1,0.2534695683198878,1,0,0.37022735092374304,1,1,-0.14328515069318248,0.41334323000012807,0.4816679489465618,-0.14471921515566635,False,True,True,False,False,False,True
1,1,2.236021351102195,1,0,-1.136923353622053,1,1,-1.0516012178553975,-0.06987991575544342,2.080284817342178,-0.9974924418210286,True,False,True,False,False,True,False
1,1,1.2447454597110414,0,0,-0.22186756871924831,1,1,-0.4460571730805875,0.18636053565501068,1.28097638314437,-0.4239934766232148,False,False,True,False,False,False,True
1,1,-0.7378063230712658,0,0,0.40611189150816673,1,1,-0.4307445650517992,1.0121197564477615,-0.3176404852512464,-0.4430901748734584,True,False,True,False,False,False,True
1,1,-0.7378063230712658,1,0,0.26257372917047184,0,0,0.19428825357783228,-0.16813457588761632,-0.3176404852512464,0.20930725762546562,False,False,False,True,False,False,False
1,1,1.2447454597110414,1,0,-0.20392529842703647,1,1,-0.32842850231398646,0.011507608445973663,1.28097638314437,-0.3037121851389048,False,True,True,False,False,False,True
1,1,-0.7378063230712658,0,0,2.182396650437141,1,1,1.643069781392507,-0.02096631833539745,-0.3176404852512464,1.5963893568373069,True,False,False,False,True,True,False
1,1,-0.7378063230712658,0,0,0.8905531893978869,1,1,0.9327735771480316,-0.34187824964345415,-0.3176404852512464,0.9358190159014311,False,False,False,True,False,True,False
1,1,-0.7378063230712658,0,0,1.626186271378573,1,1,1.00516045146594,0.14517886530254726,-0.3176404852512464,0.969587081492154,True,False,False,True,False,False,True
1,0,-0.7378063230712658,0,0,2.22725232616767,1,0,2.2135949356469347,-0.3711988639661529,-1.1169489194490545,2.1821227672867773,False,False,False,False,True,True,False
1,1,2.236021351102195,0,0,-0.7601356774856041,1,1,-0.5031314393697075,-0.47069296508097547,2.080284817342178,-0.45293753284383464,False,False,True,False,False,True,False
0,1,-0.7378063230712658,0,1,-0.5807129745634855,0,0,-0.24177306142379812,-0.5810339437678266,-0.3176404852512464,-0.19343772300910603,False,False,True,False,False,False,False
0,1,-0.7378063230712658,0,0,-0.13215621725818902,1,1,-1.1368646034702414,2.4765617745632666,-0.3176404852512464,-1.141216026773279,True,False,False,False,False,False,True
0,0,-0.7378063230712658,0,0,-0.38334800134915503,1,1,-0.828872373800295,0.7879652143178296,-1.1169489194490545,-0.9253316404996493,False,True,True,False,False,False,True
1,1,1.2447454597110414,0,0,0.49582324296922603,1,1,1.846309851592788,-1.1540713794896476,1.28097638314437,1.8996241937712364,False,False,False,False,True,True,False
1,1,0.2534695683198878,0,0,-1.262519245667536,1,0,-0.8072955170324569,-0.7985725100921157,0.4816679489465618,-0.7386305175228426,False,True,True,False,False,True,False
1,1,-0.7378063230712658,1,0,-0.6704243260245448,0,0,-0.5320165863331037,-0.29823845456664594,-0.3176404852512464,-0.4627848908142106,False,True,True,False,False,False,False
1,1,2.236021351102195,0,0,1.123802703196641,1,1,0.7444981011577028,0.011827855206038292,2.080284817342178,0.7287454236012958,True,False,False,True,False,False,True
0,0,0.2534695683198878,0,0,-1.0113274615765702,1,0,-0.5121797986594461,-0.8155115686545719,-0.3176404852512464,-0.4483128627039009,True,False,True,False,False,True,False
1,1,1.2447454597110414,0,0,1.7697244337162679,1,1,0.8603867028301233,0.4022599259382955,1.28097638314437,0.8123482967344077,True,False,False,True,False,False,True
1,1,-0.7378063230712658,0,0,-0.13215621725818902,1,1,0.3091328137937445,-0.6700874778718543,-0.3176404852512464,0.3496420756648334,False,True,False,True,False,True,False
1,1,-0.7378063230712658,0,0,-0.7601356774856041,1,1,-0.05175751633928879,-0.9891533032772927,-0.3176404852512464,-0.006497392956095949,False,True,False,True,False,True,False
1,0,-0.7378063230712658,0,1,0.06520875595614142,1,1,0.218301207077523,-0.3904456573736565,-1.1169489194490545,0.24502884767185018,False,False,False,True,False,True,False
1,0,-0.7378063230712658,1,0,-0.07832940638155345,1,0,0.00740483286284782,-0.30249558959508416,-1.1169489194490545,0.03556318460968027,False,False,False,True,False,True,False
1,0,-0.7378063230712658,0,0,-0.7421934071933922,1,0,-1.2858145179320912,1.751801457055707,-1.1169489194490545,-1.2369785929467338,True,False,False,False,False,False,True
1,0,-0.7378063230712658,0,0,-0.23980983901146016,0,0,-0.3726262573061709,0.0362040180752127,-1.1169489194490545,-0.34728774085396963,False,False,True,False,False,False,False
1,1,0.2534695683198878,0,0,0.6752459458913446,1,1,0.04533833911598247,0.45520875249580006,0.4816679489465618,0.03281230323334077,True,False,False,True,False,False,True
1,1,-0.7378063230712658,0,0,2.22725232616767,1,0,2.2135949356469347,-0.3711988639661529,-0.3176404852512464,2.1821227672867773,False,False,False,False,True,True,False
0,0,-0.7378063230712658,0,1,-1.4778264891740784,1,1,2.2135949356469347,-2.358266441966855,-1.1169489194490545,2.3879405224368444,True,False,False,False,True,True,False
1,1,1.2447454597110414,0,0,0.31640054004710744,1,1,-0.3513974143571689,0.7241366393983585,1.28097638314437,-0.35629787405763363,True,False,True,False,False,False,True
1,1,1.2447454597110414,0,1,2.22725232616767,1,1,2.2135949356469347,-0.3711988639661529,1.28097638314437,2.129995558597438,False,False,False,False,True,True,False
1,0,0.2534695683198878,0,0,-0.47305935281021433,0,0,-0.3987272937188782,-0.2314374123124826,-0.3176404852512464,-0.4718747597099425,False,True,True,False,False,False,False
0,0,-0.7378063230712658,0,0,-0.4910016231024262,1,1,-0.6861867080774949,0.25946958578286444,-1.1169489194490545,-0.6566223582310873,False,True,True,False,False,False,True
1,1,-0.7378063230712658,0,0,-0.3115789201803076,1,1,-0.15824974490313468,-0.3617522839136489,-0.3176404852512464,-0.24187715594030823,False,True,True,False,False,True,False
1,1,2.236021351102195,0,0,-0.13215621725818902,1,1,2.2135949356469347,-1.6365711957196272,2.080284817342178,2.3131883111232607,False,False,False,False,True,True,False
1,1,-0.7378063230712658,0,0,-0.13215621725818902,1,1,-0.6559095058387544,0.7565741479256831,-0.3176404852512464,-0.6453397578034904,True,False,True,False,False,False,True
1,0,-0.7378063230712658,0,0,-1.1907501644986886,1,0,-1.0877946550143516,-0.09249727925743402,-1.1169489194490545,-1.0141273005786782,False,True,True,False,False,True,False
1,1,1.2447454597110414,0,0,-0.13215621725818902,1,1,-0.2797065676769328,0.025864714447252024,1.28097638314437,-0.2574654837395676,False,True,True,False,False,False,True
1,1,-0.7378063230712658,0,0,-0.16804075784261274,1,1,-0.1258844597513776,-0.23632322355172022,-0.3176404852512464,-0.09687779991497292,True,False,True,False,False,True,False
1,0,-0.7378063230712658,0,0,2.22725232616767,1,1,1.3844955139972863,0.218086090666384,-1.1169489194490545,1.327301330031423,True,False,False,False,True,False,True
0,0,-0.7378063230712658,0,0,0.3343428103393193,1,1,-0.06776615200574929,0.25369058760029295,-1.1169489194490545,-0.06486391954974201,False,True,True,False,False,False,True
1,0,-0.7378063230712658,0,1,-0.16804075784261274,1,1,0.3383659745759767,-0.7297908747671864,-1.1169489194490545,0.3817755595681658,False,True,False,True,False,True,False
1,1,1.2447454597110414,0,0,-0.6704243260245448,1,0,-0.5668179682167134,-0.24153080743608263,1.28097638314437,-0.5235833560159253,False,True,True,False,False,True,False
1,0,0.2534695683198878,0,0,-0.43717481222579063,1,1,-0.8796823913503652,0.8354626640283239,-0.3176404852512464,-0.9717378132831221,False,True,True,False,False,False,True
1,0,-0.7378063230712658,1,0,-0.09627167667376531,1,1,-0.782586535895094,1.1539581514351887,-1.1169489194490545,-0.7779402137122794,True,False,True,False,False,False,True
1,1,-0.7378063230712658,1,0,-0.16804075784261274,0,0,-0.01695613445567902,-0.371341339868981,-0.3176404852512464,0.015429922362555084,False,True,False,True,False,False,False
1,1,-0.7378063230712658,0,0,-0.02450259550491787,1,1,-0.5027834255508714,0.5716258315424437,-0.3176404852512464,-0.49344326441428843,False,True,True,False,False,False,True
1,1,-0.7378063230712658,0,0,-0.22186756871924831,1,1,-0.24594922724983131,-0.13570129761153862,-0.3176404852512464,-0.21767737339772406,False,False,True,False,False,True,False
1,0,2.236021351102195,0,0,0.8546686488134632,1,1,1.034393612248172,-0.4493239948473604,1.28097638314437,1.0425851075802455,False,False,False,True,False,True,False
1,1,2.236021351102195,0,0,2.22725232616767,1,1,1.151674269195937,0.4366933646710692,2.080284817342178,1.087257029061243,False,False,False,True,False,False,True
1,1,-0.7378063230712658,0,0,-0.3115789201803076,1,1,-0.5208801441303484,0.19845187676262946,-0.3176404852512464,-0.4961542779445943,False,True,True,False,False,False,True
1,1,1.2447454597110414,1,0,-0.43717481222579063,1,1,-0.896735068473334,0.8858843450792493,1.28097638314437,-0.989319533384077,True,False,True,False,False,False,True
1,1,1.2447454597110414,0,0,-0.43717481222579063,1,1,-0.5897868802598958,0.14629912742427756,1.28097638314437,-0.5602219065210897,False,True,True,False,False,False,True
1,1,1.2447454597110414,0,0,-0.04244486579712973,1,1,-0.8473171061986081,1.4502770833646983,1.28097638314437,-0.8476690764255902,True,False,True,False,False,False,True
0,0,-0.7378063230712658,0,0,-1.1907501644986886,0,0,-1.0491651211235449,-0.19005903086286496,-1.1169489194490545,-0.991990679068349,False,True,True,False,False,False,False
1,1,-0.7378063230712658,0,0,-0.7601356774856041,1,1,-0.5925709908105846,-0.33242006192668655,-0.3176404852512464,-0.5451518607202716,False,True,True,False,False,True,False
1,0,-0.7378063230712658,1,0,-0.5089438933946381,1,1,-0.2181081217429435,-0.5224094422169988,-1.1169489194490545,-0.17302538583974336,False,False,True,False,False,True,False
0,0,-0.7378063230712658,0,0,-0.6165975151479092,0,0,-1.0074034628632131,0.8833950586323833,-1.1169489194490545,-0.9808276821788537,True,False,True,False,False,False,False
1,1,1.2447454597110414,1,0,-1.657249192096197,0,0,-1.1504371424048492,-1.0056499232020926,1.28097638314437,-1.1153417946972706,False,True,False,False,False,False,False
1,0,-0.7378063230712658,1,0,-1.2984037862519597,1,0,-1.1970709941288864,-0.03705571134266678,-1.1169489194490545,-1.1514620632039942,False,False,False,False,False,True,False
1,0,-0.7378063230712658,0,0,-0.6165975151479092,1,1,2.2135949356469347,-1.8963814843686293,-1.1169489194490545,2.340099107196151,True,False,False,False,True,True,False
0,0,-0.7378063230712658,1,0,-1.5137110297585021,1,1,-1.4726979386470758,0.3744444339953563,-1.1169489194490545,-1.4107226659625192,True,False,False,False,False,False,True
0,0,-0.7378063230712658,0,1,1.01614908144337,1,0,0.4337217609370675,0.26236084962162654,-1.1169489194490545,0.4143077219318378,False,False,False,True,False,False,True
0,0,-0.7378063230712658,0,0,-0.4012902716413669,1,1,-0.5734302307745992,0.16808091192995853,-1.1169489194490545,-0.5453511999504409,True,False,True,False,False,False,True
1,1,-0.7378063230712658,1,0,-0.4012902716413669,1,1,-0.5664699543978773,0.15469974033163053,-0.3176404852512464,-0.538174987664337,False,True,True,False,False,False,True
0,0,-0.7378063230712658,1,0,-1.2804615159597479,1,1,-1.3856944839380512,0.7156606974107863,-1.1169489194490545,-1.3339770623472398,False,False,False,False,False,False,True
1,1,0.2534695683198878,0,0,0.26257372917047184,0,0,0.7326656313172755,-0.6749867683194065,0.4816679489465618,0.73408771496984,True,False,False,True,False,False,False
1,1,2.236021351102195,0,0,2.22725232616767,0,0,2.2135949356469347,-0.3711988639661529,2.080284817342178,2.1821227672867773,False,False,False,False,True,False,False
0,0,0.2534695683198878,1,1,-1.3522305971285955,1,0,-0.8100796275831457,-0.9504642780234419,-0.3176404852512464,-0.7365175216830455,True,False,True,False,False,True,False
1,1,-0.7378063230712658,0,0,0.40611189150816673,1,1,0.021325385616291728,0.202398119089114,-0.3176404852512464,0.023004813108998625,False,True,False,True,False,False,True
1,1,-0.7378063230712658,1,0,1.4467635684564546,0,0,-0.0343568253974839,1.4329883446709653,-0.3176404852512464,-0.09221326192900513,False,False,False,True,False,False,False
1,1,-0.7378063230712658,1,0,-0.4910016231024262,1,1,-0.6642618374908208,0.21321207525443403,-0.3176404852512464,-0.6340172895298596,False,False,True,False,False,False,True
0,1,-0.7378063230712658,1,0,0.7290727567679802,0,0,-0.28144663677111326,1.1052753570743974,-0.3176404852512464,-0.3071009520517871,True,False,True,False,False,False,False
0,0,-0.7378063230712658,0,0,-1.3881151377130192,1,1,-1.113547677608223,-0.46716786565966345,-1.1169489194490545,-1.0474069850554857,False,True,False,False,False,True,False
0,0,0.2534695683198878,0,0,0.40611189150816673,1,0,-1.2510131360484815,4.547283774252906,-0.3176404852512464,-1.2888067927908184,False,True,False,False,False,False,True
1,1,1.2447454597110414,0,1,1.8235512445929036,1,0,2.2135949356469347,-0.5877074378403218,1.28097638314437,2.2045484306808523,False,True,False,False,True,True,False
1,1,-0.7378063230712658,0,0,-0.4551170825180025,1,1,-0.8340925810828365,0.6752402411111209,-0.3176404852512464,-0.8111102616124934,False,False,True,False,False,False,True
1,1,-0.7378063230712658,0,0,0.011381945079505846,1,1,-0.5330606277896119,0.6879834489350913,-0.3176404852512464,-0.5266531801605366,True,False,True,False,False,False,True
1,1,-0.7378063230712658,0,0,0.011381945079505846,1,1,-0.127276515026722,-0.02723784482875594,-0.3176404852512464,-0.10828000388067156,False,False,True,False,False,True,False
0,0,-0.7378063230712658,1,0,-1.029269731868782,0,0,-1.2092514777881498,0.6658842803347047,-1.1169489194490545,-1.1660138270063718,False,True,False,False,False,False,False
1,1,-0.7378063230712658,0,0,-0.6704243260245448,1,1,-0.9242281601613858,0.5263189363107663,-0.3176404852512464,-0.8920818569073673,False,True,True,False,False,False,True
1,1,0.2534695683198878,0,0,-0.4910016231024262,0,0,0.9473901575391477,-1.3971324557003486,0.4816679489465618,1.027634665317529,False,True,False,True,False,False,False
1,1,-0.7378063230712658,0,0,-0.7421934071933922,1,1,2.2135949356469347,-1.963739707351704,-0.3176404852512464,2.3470759802520855,True,False,False,False,True,True,False
1,1,-0.7378063230712658,0,0,-0.29363664988809574,1,1,0.2684151969899211,-0.7889361921059957,-0.3176404852512464,0.31663149914875505,False,False,False,True,False,True,False
0,0,0.2534695683198878,1,0,-1.0113274615765702,1,0,-0.5528974154632694,-0.7628793992439008,-0.3176404852512464,-0.4902937045776095,False,False,True,False,False,True,False
1,1,1.2447454597110414,0,0,-0.07832940638155345,1,1,-0.09038705023009563,-0.18010486621516553,1.28097638314437,-0.06526259801008119,True,False,True,False,False,True,False
1,1,-0.7378063230712658,0,0,-0.903673839823299,1,1,-1.1340387309689606,0.6923642115323343,-0.3176404852512464,-1.0954445497972651,False,False,False,False,False,False,True
1,0,-0.7378063230712658,1,0,-1.3881151377130192,1,1,-1.210295519244658,-0.21952156149514304,-1.1169489194490545,-1.2069581048831985,False,True,False,False,False,True,False
0,0,0.2534695683198878,0,1,0.22668918858604814,1,1,0.8454221086201711,-0.7861287198692846,-0.3176404852512464,0.8826353092921935,True,False,False,True,False,True,False
1,0,-0.7378063230712658,0,0,-0.5807129745634855,0,0,0.10624075741229956,-0.9358763558878772,-1.1169489194490545,0.16537289129609542,False,False,False,True,False,False,False
1,0,-0.7378063230712658,0,0,2.22725232616767,1,1,2.2135949356469347,-0.3711988639661529,-1.1169489194490545,2.1821227672867773,True,False,False,False,True,True,False
1,1,-0.7378063230712658,0,0,0.10109329654056513,1,1,-0.49756321826832994,0.7382198959862556,-0.3176404852512464,-0.49503797825564494,True,False,True,False,False,False,True
1,0,-0.7378063230712658,0,0,-0.6704243260245448,1,1,-0.8507972443869691,0.33423418273230465,-1.1169489194490545,-0.8163728172889698,False,True,True,False,False,False,True
0,1,-0.7378063230712658,0,0,-0.16804075784261274,1,1,1.340645772823938,-1.3483068490489813,-0.3176404852512464,1.3513615751128882,True,False,False,False,True,True,False
1,0,-0.7378063230712658,0,0,-1.5675378406351377,1,1,-0.8414008712783945,-1.2881530869641309,-1.1169489194490545,-0.7568501231603403,True,False,True,False,False,True,False
1,1,-0.7378063230712658,0,0,-0.16804075784261274,1,1,-0.9941789377474414,1.745315501881506,-0.3176404852512464,-0.9921102826064506,False,True,True,False,False,False,True
1,0,-0.7378063230712658,0,1,0.8905531893978869,0,0,1.469062871974458,-0.7184928757615558,-1.1169489194490545,1.4887461725457465,False,True,False,False,True,False,False
0,1,-0.7378063230712658,1,1,0.011381945079505846,1,1,0.3296656291050743,-0.5530761036001889,-0.3176404852512464,0.3628383327020579,False,False,False,True,False,True,False
1,0,-0.7378063230712658,0,0,0.8905531893978869,1,1,0.8802234905037809,-0.29781700052508975,-1.1169489194490545,0.8816386131413455,True,False,False,True,False,True,False
1,1,-0.7378063230712658,0,0,0.7649572973524039,1,1,1.2317174475282395,-0.6534053811630001,-0.3176404852512464,1.2510142066455336,False,False,False,True,False,True,False
1,0,2.236021351102195,1,0,0.19080464800162442,1,1,0.1758435211795191,-0.21875169429344649,1.28097638314437,0.19427707967068147,True,False,False,True,False,True,False
1,0,0.2534695683198878,0,0,0.26257372917047184,1,1,2.2135949356469347,-1.4248739234871066,-0.3176404852512464,2.2912609958046093,True,False,False,False,True,True,False
1,1,-0.7378063230712658,0,0,0.6752459458913446,1,1,2.2135949356469347,-1.2035540479712898,-0.3176404852512464,2.2334526190554382,False,False,False,False,True,True,False
1,1,0.2534695683198878,0,1,-0.13215621725818902,1,1,-0.5285364481447427,0.4713443232906474,0.4816679489465618,-0.5140150729677866,False,False,True,False,False,False,True
1,1,1.2447454597110414,1,0,-0.4910016231024262,1,1,-0.5368887797968089,-0.030739803807420907,1.28097638314437,-0.5026926046941559,False,False,True,False,False,True,False
1,1,-0.7378063230712658,0,0,-1.4778264891740784,1,0,-0.4453611454429153,-1.5355571101593568,-0.3176404852512464,-0.3535071248352598,False,False,True,False,False,True,False
1,1,1.2447454597110414,0,0,0.22668918858604814,0,0,-0.39837927990004207,0.7010663981850304,1.28097638314437,-0.399753826234597,False,False,True,False,False,False,False
1,0,0.2534695683198878,1,1,0.9443800002745225,1,0,-0.6555614920199183,2.43722352814154,-0.3176404852512464,-0.7047827162400521,True,False,True,False,False,False,True
1,1,1.2447454597110414,1,0,-0.22186756871924831,0,0,-0.9155278146904833,1.3498428149524495,1.28097638314437,-0.9080289953209317,False,False,True,False,False,False,False
1,1,1.2447454597110414,1,0,-1.3881151377130192,1,1,-0.967729887515898,-0.7642162535144608,1.28097638314437,-0.9090256914717797,False,True,True,False,False,True,False
1,1,-0.7378063230712658,0,0,0.2087469182938363,0,0,-0.17878256021446445,0.2812095311227773,-0.3176404852512464,-0.17234763245716694,False,False,True,False,False,False,False
1,1,-0.7378063230712658,0,0,-0.8498470289466633,0,1,-0.433528675602488,-0.6904222629155932,-0.3176404852512464,-0.4658945828048557,False,False,True,False,False,False,False
1,0,-0.7378063230712658,0,1,-0.9575006506999345,1,1,0.3098288414314167,-1.4551182341736395,-1.1169489194490545,0.39620771983244163,True,False,False,True,False,True,False
1,1,1.2447454597110414,0,0,-0.7421934071933922,1,1,-0.8128637381338345,0.11800416315012292,1.28097638314437,-0.7732756757263118,True,False,True,False,False,False,True
1,1,-0.7378063230712658,0,0,-0.34746346076473134,1,1,-0.6590416302082793,0.4271186821172791,-0.3176404852512464,-0.6366086995220639,False,True,True,False,False,False,True
1,1,-0.7378063230712658,0,0,0.6393614053069209,1,0,0.02863367581184978,0.4422757744180678,-0.3176404852512464,0.017582786048386537,False,True,False,True,False,False,True
1,0,1.2447454597110414,0,0,-0.02450259550491787,1,1,-0.6405968978099661,0.886237140642094,0.4816679489465618,-0.6355322676791483,False,False,True,False,False,False,True
1,1,-0.7378063230712658,0,0,0.40611189150816673,1,0,0.7444981011577028,-0.5680396403448008,-0.3176404852512464,0.768613269635207,True,False,False,True,False,True,False
1,1,-0.7378063230712658,0,1,0.40611189150816673,1,1,-0.009995858078957065,0.24749894567804614,-0.3176404852512464,-0.009288142178469513,True,False,False,True,False,False,True
1,1,2.236021351102195,0,0,-0.16804075784261274,1,1,0.5377778927690607,-0.8895289681106614,2.080284817342178,0.45979693425653045,False,True,False,True,False,True,False
1,1,-0.7378063230712658,0,0,0.28051599946268374,1,1,-0.34513316561811913,0.6652013293635566,-0.3176404852512464,-0.34784589069844457,False,False,True,False,False,False,True
0,0,0.2534695683198878,1,0,-0.09627167667376531,1,1,-0.3493093314441523,0.18465987006179946,-0.3176404852512464,-0.33122099890230344,True,False,True,False,False,False,True
1,0,-0.7378063230712658,0,0,-0.7063088666089685,0,0,-0.7060234957511524,-0.0454768610489504,-1.1169489194490545,-0.6651142094363102,True,False,True,False,False,False,False
1,0,-0.7378063230712658,0,0,0.04726648566392956,1,1,-0.06776615200574929,-0.06848379292775326,-1.1169489194490545,-0.048916781136177534,False,False,True,False,False,True,False
1,1,2.236021351102195,1,0,-1.2086924347909005,0,0,-0.551157346369089,-1.0534004295615569,2.080284817342178,-0.5473047244061024,False,True,True,False,False,False,False
1,1,-0.7378063230712658,0,0,-0.4910016231024262,1,1,2.2135949356469347,-1.8290232613855546,-0.3176404852512464,2.3331222341402165,True,False,False,False,True,True,False
0,1,1.2447454597110414,1,0,-0.7063088666089685,1,1,-1.0676098535218579,0.8988378300919762,1.28097638314437,-1.0379184376994148,True,False,True,False,False,False,True
1,1,-0.7378063230712658,0,0,-0.4910016231024262,1,0,0.2050766819617513,-0.9285336206640316,-0.3176404852512464,0.2622916250045342,False,True,False,True,False,True,False
1,1,0.2534695683198878,0,1,0.44199643209259043,1,1,-0.2316806606775513,0.6523879388696046,0.4816679489465618,-0.23984389579257873,True,False,True,False,False,False,True
1,1,0.2534695683198878,1,0,-0.43717481222579063,0,0,-0.7105476753960217,0.39978615758089586,0.4816679489465618,-0.7973558547307943,False,False,True,False,False,False,False
1,1,2.236021351102195,0,0,-0.6704243260245448,1,1,-0.5233162408622012,-0.3120375974358715,2.080284817342178,-0.4787320292277751,True,False,True,False,False,True,False
0,0,-0.7378063230712658,0,1,-0.7960202180700278,1,1,-1.2858145179320912,1.606822985818087,-1.1169489194490545,-1.2579092121145372,False,True,False,False,False,False,True
1,0,1.2447454597110414,0,0,0.44199643209259043,1,1,1.3869316107291392,-0.9649071061357005,0.4816679489465618,1.4289842713409138,False,False,False,False,True,True,False
1,1,1.2447454597110414,0,1,0.22668918858604814,1,1,2.2135949356469347,-1.4441191300536993,1.28097638314437,2.2932543881063054,False,False,False,False,True,True,False
1,1,1.2447454597110414,0,0,1.6620708119629968,1,1,0.7848677041426901,0.4009566875753912,1.28097638314437,0.6946185473962675,True,False,False,True,False,False,True
1,1,1.2447454597110414,0,0,-0.09627167667376531,0,0,-0.5045234946450519,0.4734243787454748,1.28097638314437,-0.49125053288242315,True,False,True,False,False,False,False
1,1,0.2534695683198878,0,1,-0.9216161101155108,1,1,2.2135949356469347,-2.0599657401846674,0.4816679489465618,2.357042941760563,True,False,False,False,True,True,False
1,1,1.2447454597110414,0,0,-0.16804075784261274,1,0,-0.5723861893180909,0.5112530731323297,1.28097638314437,-0.5572318180685464,False,True,True,False,False,False,True
0,0,-0.7378063230712658,1,0,0.2984582697548956,1,1,-0.6419889530853105,1.389633015496594,-1.1169489194490545,-0.6549080408516291,False,False,True,False,False,False,True
1,1,2.236021351102195,1,0,-0.43717481222579063,1,1,-1.078746295724613,1.5235208701419733,2.080284817342178,-1.0643508196198979,False,False,True,False,False,False,True
1,1,-0.7378063230712658,0,0,-0.16804075784261274,1,1,-0.3346927510530362,0.06765381436111427,-0.3176404852512464,-0.31216416849809386,True,False,True,False,False,False,True
1,1,-0.7378063230712658,0,0,1.7338398931318442,1,1,1.6141846344291109,-0.2778168420315825,-0.3176404852512464,1.5915254796211702,True,False,False,False,True,True,False
1,1,1.2447454597110414,0,0,1.9491471366383866,1,1,0.7441500873388667,0.6791034344195925,1.28097638314437,0.6825385900479924,True,False,False,True,False,False,True
1,1,0.2534695683198878,1,0,-0.11421394696597717,1,1,-0.6266763450565221,0.7144058174701103,0.4816679489465618,-0.6161963623527011,False,False,True,False,False,False,True
1,0,1.2447454597110414,0,0,-1.029269731868782,0,0,-0.9214440496106969,-0.16260648867689,0.4816679489465618,-0.8692774489759703,False,False,True,False,False,False,False
1,1,0.2534695683198878,0,0,2.22725232616767,1,0,2.2135949356469347,-0.3711988639661529,0.4816679489465618,2.1821227672867773,False,True,False,False,True,True,False
1,1,1.2447454597110414,0,1,0.40611189150816673,1,1,0.16401105133909177,0.012349788145327726,1.28097638314437,0.17011716497413085,True,False,False,True,False,False,True
1,0,-0.7378063230712658,0,0,-1.1189810833298413,1,0,-1.3084354161564375,0.8337037049061745,-1.1169489194490545,-1.2632913713291154,False,True,False,False,False,False,True
1,0,-0.7378063230712658,1,0,-0.7421934071933922,1,1,-0.2473412825251757,-0.7725793346178759,-1.1169489194490545,-0.1902084274803592,True,False,True,False,False,True,False
1,1,0.2534695683198878,1,0,0.872610919105675,1,1,0.09371225993420006,0.5889233975371181,0.4816679489465618,0.07172332096243782,False,True,False,True,False,False,True
1,0,-0.7378063230712658,1,0,-0.4910016231024262,1,1,-0.8713300596982989,0.7130574857644695,-1.1169489194490545,-0.8475096050414547,False,False,True,False,False,False,True
0,0,-0.7378063230712658,1,1,1.5723594605019375,1,1,2.2135949356469347,-0.7224238838064707,-1.1169489194490545,2.2185021767927213,True,False,False,False,True,True,False
1,1,-0.7378063230712658,0,0,-0.3295211904725195,0,0,-0.15337755143942933,-0.38889444509524396,-0.3176404852512464,-0.1162535730874538,False,False,True,False,False,False,False
0,1,0.2534695683198878,0,0,-0.5807129745634855,1,1,-0.6806184869761174,0.1050867995541828,0.4816679489465618,-0.98975807969045,True,False,True,False,False,False,True
1,1,-0.7378063230712658,1,0,-0.5448284339790618,1,1,-0.6593896440271154,0.11882689342576223,-0.3176404852512464,-0.6260038524770436,False,False,True,False,False,False,True
1,1,-0.7378063230712658,0,0,-0.47305935281021433,1,1,0.44799032750934753,-1.0951401238205545,-0.3176404852512464,-2.696620171940294,False,True,False,True,False,True,False
1,1,0.2534695683198878,0,1,-0.7601356774856041,1,1,-1.1483490594918326,1.0770714849860896,0.4816679489465618,-1.1181724117656784,True,False,False,False,False,False,True
1,0,-0.7378063230712658,0,0,1.2852831358265477,0,0,1.5675507827050739,-0.5274369920326306,-1.1169489194490545,1.5683622610754675,False,False,False,False,True,False,False
0,0,-0.7378063230712658,0,0,-0.43717481222579063,1,1,-0.6496452570997047,0.26686638828270126,-1.1169489194490545,-0.5937806659201345,False,False,True,False,False,False,True
0,0,-0.7378063230712658,0,0,-0.6704243260245448,1,1,-1.0564734113191028,0.936972577452391,-1.1169489194490545,-1.028429890343344,True,False,True,False,False,False,True
1,1,1.2447454597110414,0,0,1.267340865534336,1,1,1.4944678807494933,-0.49170433308418543,1.28097638314437,1.494008728222223,True,False,False,False,True,True,False
1,1,0.2534695683198878,1,0,0.011381945079505846,1,0,1.0987761687328501,-1.104733297449099,0.4816679489465618,1.1558097903165536,False,False,False,True,False,True,False
1,1,-0.7378063230712658,1,0,-0.23980983901146016,1,1,-0.31241986664752597,-0.05928445838841597,-0.3176404852512464,-0.30993156912019476,True,False,True,False,False,True,False
1,1,1.2447454597110414,0,0,1.895320325761751,1,1,0.6025084630725749,0.8165202065734938,1.28097638314437,0.539492758478319,False,False,False,True,False,False,True
1,1,-0.7378063230712658,0,0,2.22725232616767,1,1,2.2135949356469347,-0.3711988639661529,-0.3176404852512464,2.1821227672867773,False,True,False,False,True,True,False
1,0,-0.7378063230712658,0,0,-0.7421934071933922,1,0,-0.9089155521325974,0.3495201566898172,-1.1169489194490545,-0.8723074052745474,False,True,True,False,False,False,True
1,1,-0.7378063230712658,0,1,0.9084954596900988,1,1,-0.24455717197448693,1.2481957356505415,-0.3176404852512464,-0.2790339884439135,False,True,True,False,False,False,True
0,0,0.2534695683198878,0,0,-1.7469605435572564,1,1,2.2135949356469347,-2.5026054912163014,-0.3176404852512464,2.402890964699561,False,True,False,False,True,True,False
1,0,-0.7378063230712658,1,0,-0.6704243260245448,1,0,-0.4558015600079982,-0.41431836977400527,-1.1169489194490545,-0.40912277005256614,False,False,True,False,False,True,False
1,1,0.2534695683198878,0,0,2.020916217807234,1,1,0.6522744391661368,0.8556863341384613,0.4816679489465618,0.5838258032680284,True,False,False,True,False,False,True
1,1,1.2447454597110414,0,0,0.19080464800162442,1,1,-0.3051115764519679,0.4747841193297225,1.28097638314437,-0.3015991892991071,False,True,True,False,False,False,True
1,1,-0.7378063230712658,0,0,-1.2086924347909005,1,0,0.9052804854599799,-1.9260410585575685,-0.3176404852512464,0.9543176964611659,True,False,False,True,False,True,False
1,0,-0.7378063230712658,0,0,2.22725232616767,1,0,1.1436699513627069,0.44475756345875417,-1.1169489194490545,1.0790043849322237,False,False,False,True,False,False,True
1,1,2.236021351102195,0,0,0.22668918858604814,1,1,0.24335820203372205,-0.2588022096234985,2.080284817342178,0.261892946544195,False,False,False,True,False,True,False
0,1,1.2447454597110414,0,0,-0.43717481222579063,1,1,-0.8810744466257097,0.8395281538307553,1.28097638314437,-0.8323897244330936,True,False,True,False,False,False,True
1,1,-0.7378063230712658,1,0,-0.25775210930367204,0,0,-0.4596297120151953,0.16138108361846776,-0.3176404852512464,-0.4359936982794222,True,False,True,False,False,False,False
1,0,-0.7378063230712658,0,0,0.8546686488134632,1,0,0.14034611165823715,0.5000089662868237,-1.1169489194490545,0.12080063943018288,True,False,False,True,False,False,True
0,0,-0.7378063230712658,1,0,-0.7601356774856041,1,0,-0.9726020809796033,0.4882145851905618,-1.1169489194490545,-0.9369730515415516,False,False,True,False,False,False,True
1,1,1.2447454597110414,1,0,-1.657249192096197,1,1,-0.7867627017211272,-1.5055338545230477,1.28097638314437,-0.6955333759601848,True,False,True,False,False,True,False
1,0,-0.7378063230712658,0,0,-1.4778264891740784,1,1,-1.2858145179320912,-0.22957098319177616,-1.1169489194490545,-1.2200347583823214,True,False,False,False,False,True,False
1,1,2.236021351102195,0,1,-0.6704243260245448,1,1,0.31539706253279426,-1.1861240050574187,2.080284817342178,0.38600155124776053,False,False,False,True,False,True,False
1,1,1.2447454597110414,0,1,2.22725232616767,1,1,2.2135949356469347,-0.3711988639661529,1.28097638314437,2.1821227672867773,False,False,False,False,True,True,False
1,0,-0.7378063230712658,0,0,-0.16804075784261274,1,0,0.19916044704153765,-0.6022472809867241,-1.1169489194490545,0.238251313846085,True,False,False,True,False,True,False
1,1,1.2447454597110414,0,1,2.22725232616767,1,1,2.2135949356469347,-0.3711988639661529,1.28097638314437,2.1821227672867773,False,False,False,False,True,True,False
1,1,-0.7378063230712658,0,0,-0.4910016231024262,1,1,-0.8420968989160666,0.6329389064006915,-0.3176404852512464,-0.8173695134398178,True,False,True,False,False,False,True
1,1,0.2534695683198878,1,0,0.4240541618003786,0,1,0.18106372846206056,0.009181103346226653,0.4816679489465618,0.18670218892423843,True,False,False,True,False,False,False
1,0,0.2534695683198878,1,0,-0.7780779477778159,1,1,-0.7704060522358306,-0.03479751161783117,-0.3176404852512464,-0.7275073884793815,True,False,True,False,False,True,False
1,0,-0.7378063230712658,1,0,-0.13215621725818902,1,1,0.2047286681429152,-0.5720148487397756,-1.1169489194490545,0.24199889137327293,True,False,False,True,False,True,False
1,1,-0.7378063230712658,0,0,1.410879027872031,1,1,0.11494110288320201,1.111896480558622,-0.3176404852512464,0.06370988390962176,False,False,False,True,False,False,True
1,1,2.236021351102195,0,0,-0.6704243260245448,1,1,-0.6660019065850012,-0.06537944973766154,2.080284817342178,-0.6258443810929077,False,True,True,False,False,True,False
1,0,1.2447454597110414,0,0,-0.4910016231024262,0,0,-0.9071754830384169,0.8164182472349822,0.4816679489465618,-0.8844670983148903,False,False,True,False,False,False,False
1,0,0.2534695683198878,0,0,1.0520336220277937,1,0,1.7593063968837637,-0.7826370030982555,-0.3176404852512464,1.7790239595186548,True,False,False,False,True,True,False
0,0,-0.7378063230712658,1,1,-0.22186756871924831,1,1,2.2135949356469347,-1.6846842121361087,-1.1169489194490545,2.3181717918774996,False,True,False,False,True,True,False
1,0,-0.7378063230712658,1,0,-0.20392529842703647,1,1,-0.5577696089269748,0.4275468844096352,-1.1169489194490545,-0.5401683799660324,False,False,True,False,False,False,True
1,1,-0.7378063230712658,0,0,2.22725232616767,1,1,1.3378616622732493,0.2595394052964018,-0.3176404852512464,1.2792207077145261,False,True,False,False,True,False,True
1,0,1.2447454597110414,0,0,-0.5448284339790618,1,1,-0.8970830822921702,0.6865149886456091,0.4816679489465618,-0.8710715020474961,True,False,True,False,False,False,True
1,1,-0.7378063230712658,1,0,-1.2804615159597479,1,0,-0.9541573485812901,-0.5782666691542551,-0.3176404852512464,-0.88905190060879,False,False,True,False,False,True,False
1,1,2.236021351102195,0,0,0.35228508063153113,1,1,0.07735561044890346,0.06839136757007863,2.080284817342178,-0.07271788521842279,False,False,False,True,False,False,True
0,1,0.2534695683198878,0,0,0.04726648566392956,1,1,0.4378979267631007,-0.6180671191639595,0.4816679489465618,0.332897580330591,True,False,False,True,False,True,False
0,0,-0.7378063230712658,0,0,-0.6883665963167567,0,0,-1.4117955203507586,2.7068420505592856,-1.1169489194490545,-1.393778831398107,True,False,False,False,False,False,False
0,0,0.2534695683198878,0,0,-0.7601356774856041,1,1,-0.8849025986329067,0.2552785226631365,-0.3176404852512464,-0.8465527767366408,True,False,True,False,False,False,True
1,1,0.2534695683198878,1,0,-0.16804075784261274,1,1,-0.4982592459060021,0.35926137584491796,0.4816679489465618,-0.4808051572215384,False,True,True,False,False,False,True
0,1,-0.7378063230712658,1,0,-0.634539785440121,1,1,-0.8751582117054959,0.46117789245123547,-0.3176404852512464,-0.8434829525920293,True,False,True,False,False,False,True
1,1,-0.7378063230712658,0,0,0.31640054004710744,1,1,-0.5139198677536265,1.0816268480310463,-0.3176404852512464,-0.5238624309381625,False,False,True,False,False,False,True
1,0,-0.7378063230712658,1,0,-1.029269731868782,1,0,-0.9872186613707195,-0.00923939746138365,-1.1169489194490545,-1.6547138836900561,True,False,True,False,False,False,True
1,0,-0.7378063230712658,0,0,0.13697783712498884,1,1,-0.6562575196575905,1.1779886232658385,-1.1169489194490545,-0.6606490106805125,False,False,True,False,False,False,True
0,0,-0.7378063230712658,0,0,-0.6165975151479092,0,0,-0.415779970841847,-0.39871253296900017,-1.1169489194490545,-0.3708496378600112,True,False,True,False,False,False,False
1,1,-0.7378063230712658,0,0,-0.4910016231024262,1,1,-0.4850347207902304,-0.11940022934217827,-0.3176404852512464,-0.449229823162681,False,False,True,False,False,True,False
1,1,1.2447454597110414,0,1,-0.16804075784261274,0,0,0.15252659531750057,-0.5560803649955839,1.28097638314437,0.19017069152918814,False,False,False,True,False,False,False
1,1,0.2534695683198878,1,0,-0.16804075784261274,1,1,-0.462065808747048,0.2898830763107326,0.4816679489465618,-0.4434888533337976,False,False,True,False,False,False,True
1,1,0.2534695683198878,0,0,0.37022735092374304,1,1,0.1351259043756957,0.01220662327999662,0.4816679489465618,0.1423292762884952,False,True,False,True,False,False,True
1,1,-0.7378063230712658,1,0,0.7828995676446158,0,0,-0.4899069142539358,1.6806094663052236,-0.3176404852512464,-0.525018598473146,False,True,True,False,False,False,False
1,1,-0.7378063230712658,0,0,-0.09627167667376531,0,0,0.5791915372105564,-0.8582906587947167,-0.3176404852512464,0.494521828152067,False,False,False,True,False,False,False
1,1,0.2534695683198878,0,0,-1.9981523276482223,1,1,0.10624075741229956,-2.4042480517560874,0.4816679489465618,0.24411188721307034,True,False,False,True,False,True,False
0,0,-0.7378063230712658,0,0,-0.9575006506999345,1,1,-0.6621737545778041,-0.5229958791573239,-1.1169489194490545,-0.605950325921986,False,True,True,False,False,True,False
1,1,2.236021351102195,0,1,2.2003389207293527,1,1,1.372663044156859,0.21062649555860916,2.080284817342178,1.3165968133713175,True,False,False,False,True,False,True
1,1,-0.7378063230712658,0,0,0.44199643209259043,1,1,0.12572953126712103,0.09786158200931751,-0.3176404852512464,0.1286546050988634,True,False,False,True,False,False,True
0,1,-0.7378063230712658,0,0,0.8008418379368276,1,1,0.1013685639485942,0.5026231975318848,-0.3176404852512464,0.08360393908054355,True,False,False,True,False,False,True
1,1,1.2447454597110414,1,0,-0.5268861636868499,1,1,-0.7926789366413408,0.4436270665980951,1.28097638314437,-0.7644250139067833,True,False,True,False,False,False,True
0,1,0.2534695683198878,0,1,2.22725232616767,1,1,2.2135949356469347,-0.3711988639661529,0.4816679489465618,2.1821227672867773,True,False,False,False,True,True,False
1,1,-0.7378063230712658,0,0,1.3211676764109714,1,1,0.6202571678332158,0.3081839789664038,-0.3176404852512464,0.5896863766350132,False,False,False,True,False,False,True
1,0,-0.7378063230712658,1,1,-0.09627167667376531,1,1,-0.13736891577296884,-0.13791792666224556,-1.1169489194490545,-0.11270533479043568,True,False,True,False,False,True,False
1,1,1.2447454597110414,0,0,2.164454380144929,0,0,0.9063245269164881,0.6549805827124938,1.28097638314437,0.8377839825040434,False,True,False,True,False,False,False
1,1,-0.7378063230712658,1,0,-0.3115789201803076,1,1,-0.6012713362814871,0.3580348421400181,-0.3176404852512464,-0.5790395298490959,False,False,True,False,False,False,True
1,0,-0.7378063230712658,0,0,-1.2086924347909005,1,1,-0.9959190068416218,-0.35013263819135776,-1.1169489194490545,-0.9360959589288054,False,True,True,False,False,True,False
1,1,2.236021351102195,0,0,-0.25775210930367204,0,0,-0.10256753388935905,-0.3688158425725419,2.080284817342178,-0.06785400800228542,False,False,True,False,False,False,False
0,0,-0.7378063230712658,0,0,-2.303170922615824,1,0,-1.3282722038300951,-2.4302604491746678,-1.1169489194490545,-1.2179616303885583,False,True,False,False,False,True,False
1,1,-0.7378063230712658,0,0,-0.5986552448556973,0,0,-0.3357367925095445,-0.4850620430847155,-0.3176404852512464,-0.2893198927206627,False,True,True,False,False,False,False
1,1,0.2534695683198878,0,0,0.872610919105675,1,1,-0.35766166309621866,1.4615639291900313,0.4816679489465618,-0.3936540457914085,False,True,True,False,False,False,True
1,1,-0.7378063230712658,0,0,0.49582324296922603,0,0,0.1295576832743181,0.14805300805529267,-0.3176404852512464,0.12961143340367706,False,True,False,True,False,False,False
1,1,1.2447454597110414,0,0,2.22725232616767,1,1,2.2135949356469347,-0.3711988639661529,1.28097638314437,2.1821227672867773,False,True,False,False,True,True,False
1,1,1.2447454597110414,1,0,0.8905531893978869,1,0,0.5412580309574216,0.027648885133034814,1.28097638314437,0.5787526198602131,True,False,False,True,False,False,True
1,1,2.236021351102195,0,0,0.22668918858604814,1,0,0.07352745844170638,-0.05855100489242853,2.080284817342178,0.08679336676325654,True,False,False,True,False,True,False
1,1,1.2447454597110414,0,0,-0.5268861636868499,1,1,-0.8960390408356618,0.7169275076689338,1.28097638314437,-1.224676514741984,False,True,True,False,False,False,True
1,1,-0.7378063230712658,0,0,-0.02450259550491787,0,0,-0.31241986664752597,0.2144147510463974,-0.3176404852512464,-0.297173858389343,True,False,True,False,False,False,False
1,0,-0.7378063230712658,0,0,-0.4910016231024262,1,1,-0.07890259420850441,-0.6606843549908674,-1.1169489194490545,-0.030497836268510794,False,True,True,False,False,True,False
1,1,0.2534695683198878,0,0,-0.5448284339790618,1,1,-0.7589215962142393,0.3330302425958017,0.4816679489465618,-0.7286236881683311,False,False,True,False,False,False,True
1,0,-0.7378063230712658,0,0,0.4240541618003786,1,1,-0.03331278394097561,0.3017473416067513,-1.1169489194490545,-0.03432514948776614,False,True,False,True,False,False,True
1,1,1.2447454597110414,0,0,1.2135140546577003,1,1,0.12016131016574348,0.8995172127872475,1.28097638314437,0.08005570078352543,True,False,False,True,False,False,True
1,0,-0.7378063230712658,0,0,-0.8498470289466633,1,0,2.2135949356469347,-2.021475327051482,-1.1169489194490545,2.353056157157172,False,True,False,False,True,True,False
0,1,-0.7378063230712658,0,0,-1.8187296247261038,1,1,-1.0540373145872501,-1.5137401540931272,-0.3176404852512464,-0.9621296623889496,True,False,True,False,False,True,False
1,1,0.2534695683198878,0,0,-1.3701728674208073,1,0,-1.5015830856104717,1.0325642894619789,0.4816679489465618,-1.4484775161566332,False,False,False,False,False,False,True
1,1,0.2534695683198878,0,0,0.15492010741720072,0,0,-0.5187920612173319,0.8622878548988089,0.4816679489465618,-0.5199155141808055,False,False,True,False,False,False,False
1,1,0.2534695683198878,0,0,0.621419135014709,1,0,0.37873557756096404,-0.034255806255561044,0.4816679489465618,-0.18373275020313679,False,False,False,True,False,True,False
1,1,-0.7378063230712658,0,0,-0.5986552448556973,1,1,-0.8267842908872783,0.40256653366912515,-0.3176404852512464,-0.795601669505302,False,True,True,False,False,False,True
0,0,-0.7378063230712658,1,0,-1.2086924347909005,1,1,-1.402399147242184,1.018761734893511,-1.1169489194490545,-1.3551867564372808,True,False,False,False,False,False,True
1,0,-0.7378063230712658,0,0,-0.7780779477778159,1,1,-0.5027834255508714,-0.4966365881031826,-1.1169489194490545,-0.45158202607868153,True,False,True,False,False,True,False
1,1,1.2447454597110414,0,1,-0.5627707042712736,0,0,-1.2071633948751332,1.810374319487732,1.28097638314437,-1.189775063242583,True,False,False,False,False,False,False
1,1,-0.7378063230712658,0,0,-1.4598842188818666,1,1,0.07700759663006736,-1.8330111825405242,-0.3176404852512464,0.12825592663852398,True,False,False,True,False,True,False
1,1,1.2447454597110414,0,1,1.2135140546577003,1,0,-0.06776615200574929,1.2403496279674338,1.28097638314437,-0.21586338640318103,True,False,True,False,False,False,True
1,0,2.236021351102195,0,1,2.22725232616767,1,1,1.1005162378270308,0.48891713715383395,1.28097638314437,1.0345118687583785,True,False,False,True,False,False,True
1,1,-0.7378063230712658,0,0,0.08315102624835329,1,1,0.33558186402528795,-0.49111546650423216,-0.3176404852512464,0.22342047512147042,False,False,False,True,False,True,False
1,1,-0.7378063230712658,0,1,2.2003389207293527,1,1,2.2135949356469347,-0.3856327688910978,-0.3176404852512464,2.183617811513049,False,True,False,False,True,True,False
1,0,-0.7378063230712658,1,0,-0.4910016231024262,1,1,-0.821912097423573,0.5796683573062396,-1.1169489194490545,-0.7965584978101159,False,False,True,False,False,False,True
1,1,1.2447454597110414,1,1,0.8905531893978869,1,0,0.41353695944457386,0.17255788856239934,1.28097638314437,0.40047357935807026,False,False,False,True,False,False,True
1,0,-0.7378063230712658,0,0,-0.8857315695310871,0,0,-1.1163317881589117,0.6718323785986532,-1.1169489194490545,-1.0781849621936652,True,False,False,False,False,False,False
1,1,-0.7378063230712658,0,1,0.7649572973524039,1,1,1.311412612041706,-0.7047563669380881,-0.3176404852512464,1.333181837321425,False,False,False,True,False,True,False
1,1,1.2447454597110414,0,0,0.9802645408589462,1,1,-0.14432919214969078,1.1257352560018983,1.28097638314437,-0.1796833161274066,False,True,True,False,False,False,True
0,0,2.236021351102195,0,0,2.22725232616767,1,0,2.2135949356469347,-0.3711988639661529,1.28097638314437,1.9214867238400826,False,True,False,False,True,True,False
1,1,-0.7378063230712658,1,0,0.31640054004710744,1,1,-0.17704249112028397,0.4059103331663493,-0.3176404852512464,-0.17653375629072765,False,False,True,False,False,False,True
1,1,2.236021351102195,0,0,-0.16804075784261274,1,1,-0.1711262562000703,-0.17588937612588548,2.080284817342178,-0.14352317977464904,False,True,True,False,False,True,False
1,0,-0.7378063230712658,0,0,0.621419135014709,1,1,0.6202571678332158,-0.28248924595808844,-1.1169489194490545,0.628557526518077,False,False,False,True,False,True,False
0,1,0.2534695683198878,0,0,2.22725232616767,1,1,2.020316761010837,-0.2547408566705296,0.4816679489465618,1.9828483223670261,True,False,False,False,True,True,False
1,1,-0.7378063230712658,1,0,-0.16804075784261274,1,0,0.0018366117614702572,-0.39325635394392866,-0.3176404852512464,-0.0927714117734801,False,True,False,True,False,True,False
1,1,0.2534695683198878,0,0,0.6393614053069209,1,1,-0.10256753388935905,0.6550434175801467,0.4816679489465618,-0.11768881554467453,True,False,True,False,False,False,True
1,1,1.2447454597110414,1,0,0.35228508063153113,1,1,-0.2772704709450801,0.6263874974201122,1.28097638314437,-0.2818646055123214,False,False,True,False,False,False,True
1,1,-0.7378063230712658,0,0,-0.5268861636868499,1,1,-0.3524414558136772,-0.3695508399572907,-0.3176404852512464,-0.31052958681070353,False,False,True,False,False,True,False
0,0,-0.7378063230712658,0,0,-1.1907501644986886,1,1,-1.1466089903976522,0.07038447454123221,-1.1169489194490545,-1.0924576510738055,False,False,False,False,False,False,True
1,1,2.236021351102195,0,0,-1.7469605435572564,1,1,-0.7269043248813183,-1.7105452514033217,2.080284817342178,-0.6687023155793624,False,False,True,False,False,True,False
1,1,0.2534695683198878,0,0,2.0747430286838697,1,1,0.7368417971433086,0.7898597653967877,0.4816679489465618,0.6680266940916489,False,True,False,True,False,False,True
1,1,1.2447454597110414,0,0,0.8905531893978869,1,1,0.4831397232117934,0.09184926371443494,1.28097638314437,0.4722357022191104,False,True,False,True,False,False,True
0,0,-0.7378063230712658,0,1,-0.07832940638155345,0,0,-0.5609017332964997,0.6185883981449046,-1.1169489194490545,-0.5503745485507135,True,False,True,False,False,False,False
